NamaPembeli;Kelamin;Menikah;Tanggungan;Pendidikan(int);Pendidikan;Pekerjaan(int);Pekerjaan;PU(int);PendapatanUtama;PT (int);PemasukanTambahan;JenisProperti;NUP(int);NUP;BookingFee(int);BookingFee;BiayaRumahTanah;UangMuka;PeriodeCicilan;RiwayatPinjaman;PersetujuanPembelian
Pembeli 001;L;Tidak;0;4;Sarjana;3;POLRI-TNI;2;1jt s.d. <5jt;1;< 1jt;Rumah;1;Ya;1;Ya;"Rp227.000.000,00";"Rp62.000.000,00";18;1;ya
Pembeli 002;L;Ya;3+;1;SD;5;Buruh Lepas;1;< 1jt;0;0;Tanah;0;Tidak;1;Ya;"Rp125.000.000,00";"Rp26.000.000,00";18;0;ya
Pembeli 003;L;Ya;3;2;SMP;4;Pegawai Swasta;2;1jt s.d. <5jt;2;1jt s.d. <5jt;Rumah;0;Tidak;1;Ya;"Rp242.000.000,00";"Rp92.000.000,00";18;2+;tidak
Pembeli 004;L;Ya;3;4;Sarjana;2;PNS;3;5jt s.d. <10jt;2;1jt s.d. <5jt;Rumah;0;Tidak;1;Ya;"Rp192.000.000,00";"Rp62.000.000,00";18;0;ya
Pembeli 005;L;Tidak;0;4;Sarjana;5;Buruh Lepas;1;< 1jt;0;0;Rumah;1;Ya;1;Ya;"Rp250.000.000,00";"Rp74.000.000,00";18;0;ya
Pembeli 006;L;Ya;2;1;SD;1;Wiraswasta;5;20jt s.d. <30jt;4;10jt s.d. <20jt;Rumah;0;Tidak;1;Ya;"Rp216.000.000,00";"Rp70.000.000,00";18;1;ya
Pembeli 007;L;Ya;3;2;SMP;4;Pegawai Swasta;3;5jt s.d. <10jt;1;< 1jt;Rumah;1;Ya;1;Ya;"Rp198.000.000,00";"Rp61.000.000,00";18;2+;tidak
Pembeli 008;L;Ya;3;4;Sarjana;4;Pegawai Swasta;3;5jt s.d. <10jt;1;< 1jt;Tanah;0;Tidak;1;Ya;"Rp139.000.000,00";"Rp36.000.000,00";18;2;ya
Pembeli 009;L;Ya;2;1;SD;1;Wiraswasta;6;> 30jt;2;1jt s.d. <5jt;Rumah;0;Tidak;1;Ya;"Rp233.000.000,00";"Rp85.000.000,00";18;0;ya
Pembeli 010;L;Ya;2;4;Sarjana;1;Wiraswasta;3;5jt s.d. <10jt;2;1jt s.d. <5jt;Tanah;1;Ya;1;Ya;"Rp115.000.000,00";"Rp30.000.000,00";18;2;ya
Pembeli 011;L;Ya;1;3;SMA;1;Wiraswasta;6;> 30jt;2;1jt s.d. <5jt;Rumah;0;Tidak;1;Ya;"Rp223.000.000,00";"Rp79.000.000,00";18;0;ya
Pembeli 012;L;Ya;3;3;SMA;3;POLRI-TNI;2;1jt s.d. <5jt;2;1jt s.d. <5jt;Rumah;1;Ya;1;Ya;"Rp211.000.000,00";"Rp82.000.000,00";18;1;ya
Pembeli 013;L;Ya;3+;2;SMP;1;Wiraswasta;6;> 30jt;2;1jt s.d. <5jt;Rumah;1;Ya;1;Ya;"Rp223.000.000,00";"Rp62.000.000,00";18;2;ya
Pembeli 014;L;Tidak;0;1;SD;4;Pegawai Swasta;2;1jt s.d. <5jt;2;1jt s.d. <5jt;Tanah;0;Tidak;1;Ya;"Rp118.000.000,00";"Rp21.000.000,00";18;2+;ya
Pembeli 015;L;Ya;1;5;PascaSarjana;4;Pegawai Swasta;3;5jt s.d. <10jt;2;1jt s.d. <5jt;Rumah;0;Tidak;1;Ya;"Rp241.000.000,00";"Rp88.000.000,00";12;2;ya
Pembeli 016;L;Tidak;0;3;SMA;4;Pegawai Swasta;2;1jt s.d. <5jt;2;1jt s.d. <5jt;Rumah;1;Ya;1;Ya;"Rp237.000.000,00";"Rp68.000.000,00";18;2+;tidak
Pembeli 017;L;Tidak;0;1;SD;1;Wiraswasta;3;5jt s.d. <10jt;3;5jt s.d. <10jt;Rumah;0;Tidak;1;Ya;"Rp242.000.000,00";"Rp81.000.000,00";12;2+;ya
Pembeli 018;P;Tidak;0;4;Sarjana;5;Buruh Lepas;1;< 1jt;0;0;Rumah;1;Ya;1;Ya;"Rp220.000.000,00";"Rp61.000.000,00";18;2+;tidak
Pembeli 019;L;Ya;2;5;PascaSarjana;2;PNS;4;10jt s.d. <20jt;2;1jt s.d. <5jt;Tanah;0;Tidak;1;Ya;"Rp149.000.000,00";"Rp42.000.000,00";18;2;ya
Pembeli 020;L;Ya;1;4;Sarjana;1;Wiraswasta;5;20jt s.d. <30jt;3;5jt s.d. <10jt;Rumah;0;Tidak;1;Ya;"Rp227.000.000,00";"Rp72.000.000,00";18;2;ya
Pembeli 021;L;Ya;1;4;Sarjana;1;Wiraswasta;6;> 30jt;2;1jt s.d. <5jt;Rumah;1;Ya;1;Ya;"Rp194.000.000,00";"Rp94.000.000,00";18;2+;ya
Pembeli 022;L;Ya;3;4;Sarjana;2;PNS;2;1jt s.d. <5jt;2;1jt s.d. <5jt;Rumah;1;Ya;1;Ya;"Rp237.000.000,00";"Rp84.000.000,00";18;0;tidak
Pembeli 023;L;Ya;3;5;PascaSarjana;1;Wiraswasta;3;5jt s.d. <10jt;2;1jt s.d. <5jt;Tanah;0;Tidak;1;Ya;"Rp110.000.000,00";"Rp26.000.000,00";18;1;ya
Pembeli 024;P;Ya;3;5;PascaSarjana;1;Wiraswasta;5;20jt s.d. <30jt;4;10jt s.d. <20jt;Tanah;1;Ya;1;Ya;"Rp143.000.000,00";"Rp37.000.000,00";18;2;ya
Pembeli 025;L;Ya;3;2;SMP;5;Buruh Lepas;1;< 1jt;0;0;Tanah;0;Tidak;1;Ya;"Rp122.000.000,00";"Rp20.000.000,00";18;1;tidak
Pembeli 026;L;Ya;1;3;SMA;3;POLRI-TNI;4;10jt s.d. <20jt;2;1jt s.d. <5jt;Tanah;1;Ya;1;Ya;"Rp105.000.000,00";"Rp29.000.000,00";18;0;ya
Pembeli 027;L;Ya;2;3;SMA;5;Buruh Lepas;1;< 1jt;0;0;Tanah;1;Ya;1;Ya;"Rp130.000.000,00";"Rp23.000.000,00";18;2+;tidak
Pembeli 028;L;Ya;2;3;SMA;3;POLRI-TNI;3;5jt s.d. <10jt;1;< 1jt;Rumah;0;Tidak;1;Ya;"Rp241.000.000,00";"Rp59.000.000,00";18;1;tidak
Pembeli 029;L;Tidak;0;3;SMA;2;PNS;3;5jt s.d. <10jt;1;< 1jt;Rumah;1;Ya;1;Ya;"Rp188.000.000,00";"Rp61.000.000,00";18;1;ya
Pembeli 030;P;Tidak;0;3;SMA;1;Wiraswasta;6;> 30jt;2;1jt s.d. <5jt;Tanah;1;Ya;1;Ya;"Rp110.000.000,00";"Rp23.000.000,00";18;0;ya
Pembeli 031;L;Ya;2;4;Sarjana;1;Wiraswasta;3;5jt s.d. <10jt;2;1jt s.d. <5jt;Rumah;0;Tidak;1;Ya;"Rp208.000.000,00";"Rp97.000.000,00";18;0;ya
Pembeli 032;L;Tidak;0;1;SD;5;Buruh Lepas;1;< 1jt;0;0;Rumah;0;Tidak;1;Ya;"Rp203.000.000,00";"Rp80.000.000,00";18;2+;tidak
Pembeli 033;L;Tidak;0;2;SMP;1;Wiraswasta;3;5jt s.d. <10jt;2;1jt s.d. <5jt;Tanah;0;Tidak;1;Ya;"Rp149.000.000,00";"Rp13.000.000,00";18;2+;tidak
Pembeli 034;L;Ya;3;3;SMA;1;Wiraswasta;5;20jt s.d. <30jt;2;1jt s.d. <5jt;Tanah;1;Ya;1;Ya;"Rp125.000.000,00";"Rp24.000.000,00";18;2;ya
Pembeli 035;L;Tidak;0;4;Sarjana;1;Wiraswasta;4;10jt s.d. <20jt;2;1jt s.d. <5jt;Tanah;1;Ya;1;Ya;"Rp115.000.000,00";"Rp10.000.000,00";18;1;ya
Pembeli 036;L;Ya;2;3;SMA;4;Pegawai Swasta;2;1jt s.d. <5jt;1;< 1jt;Rumah;0;Tidak;1;Ya;"Rp212.000.000,00";"Rp53.000.000,00";18;2;tidak
Pembeli 037;L;Ya;2;3;SMA;2;PNS;3;5jt s.d. <10jt;2;1jt s.d. <5jt;Rumah;0;Tidak;1;Ya;"Rp221.000.000,00";"Rp93.000.000,00";18;2+;tidak
Pembeli 038;P;Ya;3;2;SMP;1;Wiraswasta;6;> 30jt;2;1jt s.d. <5jt;Tanah;1;Ya;1;Ya;"Rp127.000.000,00";"Rp21.000.000,00";18;2;ya
Pembeli 039;L;Tidak;0;5;PascaSarjana;2;PNS;3;5jt s.d. <10jt;1;< 1jt;Rumah;0;Tidak;1;Ya;"Rp249.000.000,00";"Rp62.000.000,00";18;0;ya
Pembeli 040;L;Tidak;0;4;Sarjana;3;POLRI-TNI;3;5jt s.d. <10jt;1;< 1jt;Tanah;1;Ya;1;Ya;"Rp138.000.000,00";"Rp12.000.000,00";18;2;tidak
Pembeli 041;L;Tidak;0;2;SMP;2;PNS;3;5jt s.d. <10jt;2;1jt s.d. <5jt;Rumah;0;Tidak;1;Ya;"Rp222.000.000,00";"Rp78.000.000,00";18;2;ya
Pembeli 042;L;Tidak;0;4;Sarjana;3;POLRI-TNI;2;1jt s.d. <5jt;2;1jt s.d. <5jt;Rumah;1;Ya;1;Ya;"Rp193.000.000,00";"Rp71.000.000,00";18;2;ya
Pembeli 043;L;Ya;2;4;Sarjana;4;Pegawai Swasta;2;1jt s.d. <5jt;2;1jt s.d. <5jt;Rumah;0;Tidak;1;Ya;"Rp211.000.000,00";"Rp99.000.000,00";18;2;tidak
Pembeli 044;L;Ya;3+;5;PascaSarjana;5;Buruh Lepas;1;< 1jt;0;0;Tanah;0;Tidak;1;Ya;"Rp111.000.000,00";"Rp44.000.000,00";18;0;tidak
Pembeli 045;L;Ya;3;3;SMA;2;PNS;2;1jt s.d. <5jt;3;5jt s.d. <10jt;Rumah;1;Ya;1;Ya;"Rp249.000.000,00";"Rp61.000.000,00";18;1;ya
Pembeli 046;P;Tidak;0;4;Sarjana;1;Wiraswasta;5;20jt s.d. <30jt;2;1jt s.d. <5jt;Rumah;0;Tidak;1;Ya;"Rp183.000.000,00";"Rp95.000.000,00";18;2;ya
Pembeli 047;L;Ya;3;3;SMA;3;POLRI-TNI;3;5jt s.d. <10jt;2;1jt s.d. <5jt;Rumah;1;Ya;1;Ya;"Rp247.000.000,00";"Rp61.000.000,00";18;0;ya
Pembeli 048;L;Ya;2;3;SMA;3;POLRI-TNI;2;1jt s.d. <5jt;1;< 1jt;Rumah;0;Tidak;1;Ya;"Rp180.000.000,00";"Rp81.000.000,00";18;2;tidak
Pembeli 049;P;Ya;2;4;Sarjana;1;Wiraswasta;6;> 30jt;2;1jt s.d. <5jt;Rumah;1;Ya;1;Ya;"Rp232.000.000,00";"Rp81.000.000,00";18;1;ya
Pembeli 050;P;Tidak;0;5;PascaSarjana;5;Buruh Lepas;1;< 1jt;0;0;Tanah;0;Tidak;1;Ya;"Rp100.000.000,00";"Rp11.000.000,00";18;2;tidak
Pembeli 051;P;Ya;2;1;SD;2;PNS;4;10jt s.d. <20jt;2;1jt s.d. <5jt;Tanah;0;Tidak;1;Ya;"Rp124.000.000,00";"Rp11.000.000,00";18;0;ya
Pembeli 052;P;Tidak;0;4;Sarjana;1;Wiraswasta;5;20jt s.d. <30jt;4;10jt s.d. <20jt;Tanah;1;Ya;1;Ya;"Rp113.000.000,00";"Rp18.000.000,00";18;1;ya
Pembeli 053;P;Tidak;0;5;PascaSarjana;3;POLRI-TNI;3;5jt s.d. <10jt;3;5jt s.d. <10jt;Tanah;0;Tidak;1;Ya;"Rp114.000.000,00";"Rp43.000.000,00";18;2+;ya
Pembeli 054;L;Ya;2;5;PascaSarjana;4;Pegawai Swasta;2;1jt s.d. <5jt;1;< 1jt;Rumah;1;Ya;1;Ya;"Rp207.000.000,00";"Rp59.000.000,00";18;1;ya
Pembeli 055;P;Ya;3;3;SMA;5;Buruh Lepas;1;< 1jt;0;0;Rumah;1;Ya;1;Ya;"Rp180.000.000,00";"Rp75.000.000,00";18;2+;tidak
Pembeli 056;L;Ya;2;3;SMA;5;Buruh Lepas;1;< 1jt;0;0;Tanah;1;Ya;1;Ya;"Rp138.000.000,00";"Rp47.000.000,00";18;2+;tidak
Pembeli 057;L;Ya;3;5;PascaSarjana;3;POLRI-TNI;4;10jt s.d. <20jt;2;1jt s.d. <5jt;Tanah;0;Tidak;1;Ya;"Rp115.000.000,00";"Rp47.000.000,00";18;2+;tidak
Pembeli 058;L;Ya;2;5;PascaSarjana;3;POLRI-TNI;2;1jt s.d. <5jt;3;5jt s.d. <10jt;Tanah;1;Ya;1;Ya;"Rp105.000.000,00";"Rp25.000.000,00";18;1;ya
Pembeli 059;L;Ya;3+;5;PascaSarjana;3;POLRI-TNI;4;10jt s.d. <20jt;2;1jt s.d. <5jt;Rumah;1;Ya;1;Ya;"Rp198.000.000,00";"Rp92.000.000,00";18;1;ya
Pembeli 060;L;Ya;1;4;Sarjana;5;Buruh Lepas;1;< 1jt;0;0;Rumah;1;Ya;1;Ya;"Rp189.000.000,00";"Rp57.000.000,00";18;0;tidak
Pembeli 061;L;Ya;1;2;SMP;1;Wiraswasta;5;20jt s.d. <30jt;2;1jt s.d. <5jt;Rumah;0;Tidak;1;Ya;"Rp201.000.000,00";"Rp84.000.000,00";18;2;ya
Pembeli 062;L;Ya;2;2;SMP;1;Wiraswasta;4;10jt s.d. <20jt;2;1jt s.d. <5jt;Rumah;0;Tidak;1;Ya;"Rp221.000.000,00";"Rp75.000.000,00";18;2;tidak
Pembeli 063;L;Ya;1;3;SMA;2;PNS;2;1jt s.d. <5jt;2;1jt s.d. <5jt;Tanah;0;Tidak;1;Ya;"Rp147.000.000,00";"Rp42.000.000,00";12;1;ya
Pembeli 064;L;Ya;3+;5;PascaSarjana;4;Pegawai Swasta;2;1jt s.d. <5jt;1;< 1jt;Tanah;1;Ya;1;Ya;"Rp118.000.000,00";"Rp26.000.000,00";18;2+;ya
Pembeli 065;P;Tidak;0;5;PascaSarjana;5;Buruh Lepas;1;< 1jt;0;0;Tanah;0;Tidak;1;Ya;"Rp106.000.000,00";"Rp43.000.000,00";18;2;tidak
Pembeli 066;L;Ya;2;2;SMP;1;Wiraswasta;6;> 30jt;3;5jt s.d. <10jt;Tanah;1;Ya;1;Ya;"Rp110.000.000,00";"Rp11.000.000,00";18;0;ya
Pembeli 067;L;Tidak;0;4;Sarjana;2;PNS;2;1jt s.d. <5jt;2;1jt s.d. <5jt;Rumah;0;Tidak;1;Ya;"Rp184.000.000,00";"Rp58.000.000,00";12;0;ya
Pembeli 068;L;Ya;1;3;SMA;2;PNS;4;10jt s.d. <20jt;3;5jt s.d. <10jt;Rumah;0;Tidak;1;Ya;"Rp204.000.000,00";"Rp55.000.000,00";18;2;ya
Pembeli 069;L;Ya;2;1;SD;3;POLRI-TNI;3;5jt s.d. <10jt;1;< 1jt;Rumah;0;Tidak;1;Ya;"Rp186.000.000,00";"Rp70.000.000,00";24;2;ya
Pembeli 070;P;Tidak;0;1;SD;1;Wiraswasta;4;10jt s.d. <20jt;3;5jt s.d. <10jt;Tanah;0;Tidak;1;Ya;"Rp146.000.000,00";"Rp50.000.000,00";18;1;ya
Pembeli 071;L;Ya;3;5;PascaSarjana;1;Wiraswasta;5;20jt s.d. <30jt;3;5jt s.d. <10jt;Rumah;0;Tidak;1;Ya;"Rp235.000.000,00";"Rp72.000.000,00";18;0;ya
Pembeli 072;L;Ya;3+;4;Sarjana;3;POLRI-TNI;2;1jt s.d. <5jt;3;5jt s.d. <10jt;Tanah;1;Ya;1;Ya;"Rp124.000.000,00";"Rp45.000.000,00";18;2;ya
Pembeli 073;L;Tidak;0;1;SD;4;Pegawai Swasta;2;1jt s.d. <5jt;2;1jt s.d. <5jt;Tanah;1;Ya;1;Ya;"Rp107.000.000,00";"Rp50.000.000,00";18;1;ya
Pembeli 074;L;Ya;3+;2;SMP;2;PNS;2;1jt s.d. <5jt;2;1jt s.d. <5jt;Tanah;0;Tidak;1;Ya;"Rp136.000.000,00";"Rp32.000.000,00";12;2;tidak
Pembeli 075;L;Ya;3;5;PascaSarjana;2;PNS;3;5jt s.d. <10jt;1;< 1jt;Tanah;0;Tidak;1;Ya;"Rp104.000.000,00";"Rp47.000.000,00";18;2+;tidak
Pembeli 076;L;Tidak;0;4;Sarjana;4;Pegawai Swasta;2;1jt s.d. <5jt;2;1jt s.d. <5jt;Rumah;1;Ya;1;Ya;"Rp186.000.000,00";"Rp70.000.000,00";24;0;ya
Pembeli 077;L;Tidak;0;3;SMA;2;PNS;2;1jt s.d. <5jt;2;1jt s.d. <5jt;Rumah;0;Tidak;1;Ya;"Rp234.000.000,00";"Rp83.000.000,00";18;0;ya
Pembeli 078;L;Ya;1;3;SMA;1;Wiraswasta;4;10jt s.d. <20jt;2;1jt s.d. <5jt;Rumah;1;Ya;1;Ya;"Rp188.000.000,00";"Rp93.000.000,00";18;2;ya
Pembeli 079;L;Ya;3;2;SMP;5;Buruh Lepas;1;< 1jt;0;0;Tanah;0;Tidak;1;Ya;"Rp130.000.000,00";"Rp33.000.000,00";18;1;tidak
Pembeli 080;L;Ya;1;1;SD;5;Buruh Lepas;1;< 1jt;0;0;Tanah;0;Tidak;1;Ya;"Rp127.000.000,00";"Rp23.000.000,00";18;2;tidak
Pembeli 081;P;Tidak;0;2;SMP;5;Buruh Lepas;1;< 1jt;0;0;Tanah;0;Tidak;1;Ya;"Rp128.000.000,00";"Rp12.000.000,00";18;0;tidak
Pembeli 082;L;Ya;2;4;Sarjana;2;PNS;4;10jt s.d. <20jt;2;1jt s.d. <5jt;Tanah;1;Ya;1;Ya;"Rp146.000.000,00";"Rp39.000.000,00";18;1;ya
Pembeli 083;P;Ya;3+;3;SMA;4;Pegawai Swasta;3;5jt s.d. <10jt;1;< 1jt;Rumah;0;Tidak;1;Ya;"Rp192.000.000,00";"Rp75.000.000,00";18;2+;tidak
Pembeli 084;L;Ya;2;4;Sarjana;5;Buruh Lepas;1;< 1jt;0;0;Tanah;0;Tidak;1;Ya;"Rp146.000.000,00";"Rp13.000.000,00";18;2+;tidak
Pembeli 085;L;Ya;2;1;SD;5;Buruh Lepas;1;< 1jt;0;0;Rumah;0;Tidak;1;Ya;"Rp209.000.000,00";"Rp67.000.000,00";12;2;tidak
Pembeli 086;L;Tidak;0;2;SMP;5;Buruh Lepas;1;< 1jt;0;0;Tanah;1;Ya;1;Ya;"Rp126.000.000,00";"Rp17.000.000,00";18;1;ya
Pembeli 087;L;Ya;3+;1;SD;5;Buruh Lepas;1;< 1jt;0;0;Tanah;1;Ya;1;Ya;"Rp117.000.000,00";"Rp19.000.000,00";18;2;tidak
Pembeli 088;L;Ya;2;3;SMA;5;Buruh Lepas;1;< 1jt;0;0;Tanah;0;Tidak;1;Ya;"Rp127.000.000,00";"Rp40.000.000,00";18;2;tidak
Pembeli 089;L;Tidak;0;1;SD;2;PNS;4;10jt s.d. <20jt;1;< 1jt;Rumah;1;Ya;1;Ya;"Rp250.000.000,00";"Rp59.000.000,00";18;1;ya
Pembeli 090;L;Ya;1;4;Sarjana;2;PNS;2;1jt s.d. <5jt;3;5jt s.d. <10jt;Tanah;1;Ya;1;Ya;"Rp117.000.000,00";"Rp48.000.000,00";18;2+;tidak
Pembeli 091;L;Ya;3;1;SD;5;Buruh Lepas;1;< 1jt;0;0;Tanah;1;Ya;1;Ya;"Rp100.000.000,00";"Rp43.000.000,00";18;2;tidak
Pembeli 092;L;Ya;3+;1;SD;5;Buruh Lepas;1;< 1jt;0;0;Tanah;1;Ya;1;Ya;"Rp115.000.000,00";"Rp17.000.000,00";12;0;tidak
Pembeli 093;L;Ya;1;4;Sarjana;2;PNS;2;1jt s.d. <5jt;2;1jt s.d. <5jt;Rumah;1;Ya;1;Ya;"Rp187.000.000,00";"Rp70.000.000,00";18;2+;tidak
Pembeli 094;L;Tidak;0;3;SMA;3;POLRI-TNI;4;10jt s.d. <20jt;2;1jt s.d. <5jt;Tanah;0;Tidak;1;Ya;"Rp110.000.000,00";"Rp36.000.000,00";18;0;ya
Pembeli 095;L;Tidak;0;3;SMA;3;POLRI-TNI;2;1jt s.d. <5jt;3;5jt s.d. <10jt;Tanah;1;Ya;1;Ya;"Rp129.000.000,00";"Rp14.000.000,00";12;2;ya
Pembeli 096;L;Tidak;0;5;PascaSarjana;4;Pegawai Swasta;3;5jt s.d. <10jt;1;< 1jt;Rumah;0;Tidak;1;Ya;"Rp181.000.000,00";"Rp76.000.000,00";18;2+;tidak
Pembeli 097;P;Ya;3;2;SMP;3;POLRI-TNI;4;10jt s.d. <20jt;2;1jt s.d. <5jt;Tanah;1;Ya;1;Ya;"Rp127.000.000,00";"Rp17.000.000,00";18;0;ya
Pembeli 098;L;Ya;3;3;SMA;4;Pegawai Swasta;2;1jt s.d. <5jt;2;1jt s.d. <5jt;Tanah;1;Ya;1;Ya;"Rp106.000.000,00";"Rp14.000.000,00";24;1;ya
Pembeli 099;L;Ya;2;2;SMP;1;Wiraswasta;6;> 30jt;2;1jt s.d. <5jt;Tanah;0;Tidak;1;Ya;"Rp142.000.000,00";"Rp10.000.000,00";12;0;ya
Pembeli 100;L;Ya;1;3;SMA;3;POLRI-TNI;2;1jt s.d. <5jt;3;5jt s.d. <10jt;Tanah;1;Ya;1;Ya;"Rp149.000.000,00";"Rp10.000.000,00";18;2+;tidak
Pembeli 101;L;Ya;1;5;PascaSarjana;3;POLRI-TNI;4;10jt s.d. <20jt;3;5jt s.d. <10jt;Rumah;0;Tidak;1;Ya;"Rp247.000.000,00";"Rp84.000.000,00";12;0;ya
Pembeli 102;L;Tidak;0;3;SMA;4;Pegawai Swasta;3;5jt s.d. <10jt;2;1jt s.d. <5jt;Tanah;1;Ya;1;Ya;"Rp104.000.000,00";"Rp37.000.000,00";18;0;ya
Pembeli 103;L;Ya;2;2;SMP;1;Wiraswasta;3;5jt s.d. <10jt;2;1jt s.d. <5jt;Rumah;0;Tidak;1;Ya;"Rp199.000.000,00";"Rp86.000.000,00";18;2;ya
Pembeli 104;L;Ya;0;5;PascaSarjana;3;POLRI-TNI;4;10jt s.d. <20jt;1;< 1jt;Tanah;1;Ya;1;Ya;"Rp103.000.000,00";"Rp37.000.000,00";18;2;ya
Pembeli 105;L;tidak;0;4;Sarjana;3;POLRI-TNI;3;5jt s.d. <10jt;3;5jt s.d. <10jt;Rumah;1;Ya;1;Ya;"Rp249.000.000,00";"Rp63.000.000,00";18;0;ha
Pembeli 106;L;Ya;1;1;SD;5;Buruh Lepas;1;< 1jt;0;0;Rumah;1;Ya;1;Ya;"Rp248.000.000,00";"Rp58.000.000,00";18;2;tidak
Pembeli 107;L;Ya;2;5;PascaSarjana;2;PNS;2;1jt s.d. <5jt;1;< 1jt;Rumah;0;Tidak;1;Ya;"Rp218.000.000,00";"Rp69.000.000,00";18;2;tidak
Pembeli 108;L;Tidak;0;2;SMP;5;Buruh Lepas;1;< 1jt;0;0;Tanah;1;Ya;1;Ya;"Rp147.000.000,00";"Rp49.000.000,00";18;0;tidak
Pembeli 109;L;Ya;2;4;Sarjana;5;Buruh Lepas;1;< 1jt;0;0;Rumah;1;Ya;1;Ya;"Rp231.000.000,00";"Rp66.000.000,00";18;0;tidak
Pembeli 110;L;Ya;3+;2;SMP;1;Wiraswasta;4;10jt s.d. <20jt;2;1jt s.d. <5jt;Tanah;0;Tidak;1;Ya;"Rp141.000.000,00";"Rp42.000.000,00";24;2+;ya
Pembeli 111;L;Tidak;0;4;Sarjana;2;PNS;3;5jt s.d. <10jt;1;< 1jt;Rumah;1;Ya;1;Ya;"Rp189.000.000,00";"Rp64.000.000,00";18;1;ya
Pembeli 112;P;Ya;0;4;Sarjana;5;Buruh Lepas;1;< 1jt;0;0;Tanah;0;Tidak;1;Ya;"Rp132.000.000,00";"Rp16.000.000,00";18;1;tidak
Pembeli 113;L;Ya;0;2;SMP;5;Buruh Lepas;1;< 1jt;0;0;Tanah;1;Ya;1;Ya;"Rp139.000.000,00";"Rp26.000.000,00";12;2;tidak
Pembeli 114;P;Tidak;1;5;PascaSarjana;4;Pegawai Swasta;3;5jt s.d. <10jt;1;< 1jt;Tanah;0;Tidak;1;Ya;"Rp135.000.000,00";"Rp43.000.000,00";18;2;ya
Pembeli 115;L;Tidak;0;3;SMA;3;POLRI-TNI;2;1jt s.d. <5jt;1;< 1jt;Tanah;0;Tidak;1;Ya;"Rp142.000.000,00";"Rp35.000.000,00";18;2+;tidak
Pembeli 116;L;Ya;1;1;SD;5;Buruh Lepas;1;< 1jt;0;0;Tanah;1;Ya;1;Ya;"Rp133.000.000,00";"Rp11.000.000,00";12;1;tidak
Pembeli 117;P;Ya;0;1;SD;1;Wiraswasta;6;> 30jt;2;1jt s.d. <5jt;Tanah;1;Ya;1;Ya;"Rp135.000.000,00";"Rp43.000.000,00";18;1;ya
Pembeli 118;L;Ya;1;3;SMA;3;POLRI-TNI;2;1jt s.d. <5jt;2;1jt s.d. <5jt;Rumah;1;Ya;1;Ya;"Rp217.000.000,00";"Rp51.000.000,00";18;1;tidak
Pembeli 119;L;Ya;0;2;SMP;5;Buruh Lepas;1;< 1jt;0;0;Tanah;0;Tidak;1;Ya;"Rp147.000.000,00";"Rp44.000.000,00";18;0;ya
Pembeli 120;P;Tidak;0;3;SMA;1;Wiraswasta;4;10jt s.d. <20jt;4;10jt s.d. <20jt;Rumah;1;Ya;1;Ya;"Rp229.000.000,00";"Rp85.000.000,00";18;2+;tidak
Pembeli 121;L;Ya;;5;PascaSarjana;3;POLRI-TNI;4;10jt s.d. <20jt;1;< 1jt;Tanah;0;Tidak;1;Ya;"Rp122.000.000,00";"Rp14.000.000,00";18;1;ya
Pembeli 122;P;Tidak;0;5;PascaSarjana;5;Buruh Lepas;1;< 1jt;0;0;Tanah;1;Ya;1;Ya;"Rp103.000.000,00";"Rp17.000.000,00";18;2+;tidak
Pembeli 123;P;Tidak;0;1;SD;4;Pegawai Swasta;2;1jt s.d. <5jt;1;< 1jt;Tanah;1;Ya;1;Ya;"Rp128.000.000,00";"Rp11.000.000,00";18;1;ya
Pembeli 124;L;Ya;2;5;PascaSarjana;5;Buruh Lepas;1;< 1jt;0;0;Tanah;1;Ya;1;Ya;"Rp112.000.000,00";"Rp49.000.000,00";18;2+;tidak
Pembeli 125;L;Ya;0;3;SMA;2;PNS;3;5jt s.d. <10jt;1;< 1jt;Tanah;1;Ya;1;Ya;"Rp130.000.000,00";"Rp19.000.000,00";18;2;ya
Pembeli 126;P;Tidak;0;5;PascaSarjana;1;Wiraswasta;4;10jt s.d. <20jt;3;5jt s.d. <10jt;Tanah;0;Tidak;1;Ya;"Rp149.000.000,00";"Rp44.000.000,00";18;2+;ya
Pembeli 127;;Ya;3+;5;PascaSarjana;4;Pegawai Swasta;2;1jt s.d. <5jt;1;< 1jt;Tanah;0;Tidak;1;Ya;"Rp132.000.000,00";"Rp46.000.000,00";18;0;tidak
Pembeli 128;L;Tidak;0;3;SMA;3;POLRI-TNI;4;10jt s.d. <20jt;2;1jt s.d. <5jt;Tanah;1;Ya;1;Ya;"Rp148.000.000,00";"Rp23.000.000,00";18;2;ya
Pembeli 129;L;Ya;1;1;SD;3;POLRI-TNI;3;5jt s.d. <10jt;1;< 1jt;Rumah;0;Tidak;1;Ya;"Rp215.000.000,00";"Rp94.000.000,00";12;0;ya
Pembeli 130;L;Ya;0;4;Sarjana;3;POLRI-TNI;4;10jt s.d. <20jt;3;5jt s.d. <10jt;Tanah;0;Tidak;1;Ya;"Rp146.000.000,00";"Rp41.000.000,00";18;2;ya
Pembeli 131;L;Tidak;0;2;SMP;2;PNS;4;10jt s.d. <20jt;1;< 1jt;Rumah;1;Ya;1;Ya;"Rp217.000.000,00";"Rp64.000.000,00";24;1;ya
Pembeli 132;L;Tidak;0;4;Sarjana;2;PNS;4;10jt s.d. <20jt;3;5jt s.d. <10jt;Rumah;0;Tidak;1;Ya;"Rp244.000.000,00";"Rp91.000.000,00";18;2;ya
Pembeli 133;L;Tidak;0;5;PascaSarjana;3;POLRI-TNI;4;10jt s.d. <20jt;1;< 1jt;Tanah;0;Tidak;1;Ya;"Rp133.000.000,00";"Rp45.000.000,00";18;2;ya
Pembeli 134;L;Ya;0;5;PascaSarjana;3;POLRI-TNI;4;10jt s.d. <20jt;2;1jt s.d. <5jt;Tanah;0;Tidak;1;Ya;"Rp145.000.000,00";"Rp46.000.000,00";12;2+;ya
Pembeli 135;L;Tidak;0;4;Sarjana;1;Wiraswasta;4;10jt s.d. <20jt;3;5jt s.d. <10jt;Tanah;0;Tidak;1;Ya;"Rp149.000.000,00";"Rp42.000.000,00";18;2;ya
Pembeli 136;L;Ya;3+;2;SMP;5;Buruh Lepas;1;< 1jt;0;0;Tanah;1;Ya;1;Ya;"Rp104.000.000,00";"Rp14.000.000,00";18;1;tidak
Pembeli 137;P;Ya;0;4;Sarjana;3;POLRI-TNI;2;1jt s.d. <5jt;1;< 1jt;Tanah;1;Ya;1;Ya;"Rp109.000.000,00";"Rp46.000.000,00";18;1;ya
Pembeli 138;L;Ya;2;5;PascaSarjana;1;Wiraswasta;5;20jt s.d. <30jt;4;10jt s.d. <20jt;Rumah;1;Ya;1;Ya;"Rp229.000.000,00";"Rp74.000.000,00";18;0;ya
Pembeli 139;L;Tidak;0;1;SD;4;Pegawai Swasta;2;1jt s.d. <5jt;1;< 1jt;Tanah;0;Tidak;1;Ya;"Rp126.000.000,00";"Rp47.000.000,00";18;0;tidak
Pembeli 140;L;Ya;2;4;Sarjana;3;POLRI-TNI;4;10jt s.d. <20jt;1;< 1jt;Tanah;0;Tidak;1;Ya;"Rp122.000.000,00";"Rp13.000.000,00";18;1;ya
Pembeli 141;L;Ya;2;5;PascaSarjana;1;Wiraswasta;4;10jt s.d. <20jt;3;5jt s.d. <10jt;Tanah;1;Ya;1;Ya;"Rp119.000.000,00";"Rp48.000.000,00";18;0;ya
Pembeli 142;L;Tidak;0;1;SD;5;Buruh Lepas;1;< 1jt;0;0;Rumah;1;Ya;1;Ya;"Rp250.000.000,00";"Rp80.000.000,00";18;2+;tidak
Pembeli 143;L;Tidak;0;3;SMA;3;POLRI-TNI;4;10jt s.d. <20jt;2;1jt s.d. <5jt;Tanah;0;Tidak;1;Ya;"Rp102.000.000,00";"Rp12.000.000,00";12;2+;ya
Pembeli 144;L;Ya;0;2;SMP;2;PNS;3;5jt s.d. <10jt;3;5jt s.d. <10jt;Tanah;0;Tidak;1;Ya;"Rp141.000.000,00";"Rp10.000.000,00";18;0;ya
Pembeli 145;L;Ya;2;4;Sarjana;2;PNS;2;1jt s.d. <5jt;2;1jt s.d. <5jt;Rumah;0;Tidak;1;Ya;"Rp204.000.000,00";"Rp80.000.000,00";12;1;tidak
Pembeli 146;P;Ya;0;4;Sarjana;4;Pegawai Swasta;3;5jt s.d. <10jt;1;< 1jt;Tanah;0;Tidak;1;Ya;"Rp128.000.000,00";"Rp35.000.000,00";18;2+;ya
Pembeli 147;P;Ya;2;2;SMP;3;POLRI-TNI;2;1jt s.d. <5jt;1;< 1jt;Rumah;0;Tidak;1;Ya;"Rp184.000.000,00";"Rp97.000.000,00";18;2;ya
Pembeli 148;L;Ya;1;1;SD;4;Pegawai Swasta;2;1jt s.d. <5jt;1;< 1jt;Rumah;1;Ya;1;Ya;"Rp234.000.000,00";"Rp56.000.000,00";18;1;tidak
Pembeli 149;P;Tidak;0;4;Sarjana;2;PNS;3;5jt s.d. <10jt;3;5jt s.d. <10jt;Tanah;0;Tidak;1;Ya;"Rp133.000.000,00";"Rp46.000.000,00";18;0;ya
Pembeli 150;L;Ya;0;3;SMA;5;Buruh Lepas;1;< 1jt;0;0;Tanah;0;Tidak;1;Ya;"Rp127.000.000,00";"Rp17.000.000,00";18;2;tidak
Pembeli 151;L;Tidak;0;2;SMP;1;Wiraswasta;6;> 30jt;4;10jt s.d. <20jt;Tanah;1;Ya;1;Ya;"Rp105.000.000,00";"Rp38.000.000,00";18;0;ya
Pembeli 152;L;Ya;0;2;SMP;1;Wiraswasta;5;20jt s.d. <30jt;4;10jt s.d. <20jt;Tanah;1;Ya;1;Ya;"Rp106.000.000,00";"Rp50.000.000,00";18;1;ya
Pembeli 153;L;Tidak;0;2;SMP;4;Pegawai Swasta;3;5jt s.d. <10jt;1;< 1jt;Rumah;1;Ya;1;Ya;"Rp222.000.000,00";"Rp55.000.000,00";18;2+;ya
Pembeli 154;L;Ya;2;2;SMP;3;POLRI-TNI;3;5jt s.d. <10jt;2;1jt s.d. <5jt;Tanah;1;Ya;1;Ya;"Rp100.000.000,00";"Rp44.000.000,00";18;0;ya
Pembeli 155;L;Tidak;0;5;PascaSarjana;1;Wiraswasta;6;> 30jt;3;5jt s.d. <10jt;Rumah;0;Tidak;1;Ya;"Rp205.000.000,00";"Rp91.000.000,00";18;1;ya
Pembeli 156;L;Ya;3+;5;PascaSarjana;3;POLRI-TNI;2;1jt s.d. <5jt;3;5jt s.d. <10jt;Tanah;1;Ya;1;Ya;"Rp106.000.000,00";"Rp15.000.000,00";12;2;ya
Pembeli 157;L;Ya;1;3;SMA;3;POLRI-TNI;4;10jt s.d. <20jt;2;1jt s.d. <5jt;Tanah;1;Ya;1;Ya;"Rp142.000.000,00";"Rp12.000.000,00";18;0;ya
Pembeli 158;L;Ya;1;3;SMA;4;Pegawai Swasta;3;5jt s.d. <10jt;1;< 1jt;Rumah;0;Tidak;1;Ya;"Rp184.000.000,00";"Rp96.000.000,00";18;2;ya
Pembeli 159;L;Tidak;0;4;Sarjana;2;PNS;2;1jt s.d. <5jt;3;5jt s.d. <10jt;Tanah;0;Tidak;1;Ya;"Rp124.000.000,00";"Rp37.000.000,00";18;2;tidak
Pembeli 160;L;Ya;0;5;PascaSarjana;3;POLRI-TNI;4;10jt s.d. <20jt;1;< 1jt;Tanah;1;Ya;1;Ya;"Rp128.000.000,00";"Rp28.000.000,00";18;2+;ya
Pembeli 161;L;Ya;0;3;SMA;1;Wiraswasta;5;20jt s.d. <30jt;3;5jt s.d. <10jt;Tanah;0;Tidak;1;Ya;"Rp115.000.000,00";"Rp40.000.000,00";18;2+;ya
Pembeli 162;L;Ya;0;2;SMP;3;POLRI-TNI;4;10jt s.d. <20jt;3;5jt s.d. <10jt;Rumah;1;Ya;1;Ya;"Rp241.000.000,00";"Rp72.000.000,00";18;2;ya
Pembeli 163;L;Ya;1;5;PascaSarjana;5;Buruh Lepas;1;< 1jt;0;0;Tanah;1;Ya;1;Ya;"Rp122.000.000,00";"Rp42.000.000,00";18;2+;tidak
Pembeli 164;L;Ya;2;5;PascaSarjana;5;Buruh Lepas;1;< 1jt;0;0;Tanah;1;Ya;1;Ya;"Rp149.000.000,00";"Rp10.000.000,00";18;1;tidak
Pembeli 165;L;Ya;0;1;SD;5;Buruh Lepas;1;< 1jt;0;0;Rumah;1;Ya;1;Ya;"Rp195.000.000,00";"Rp62.000.000,00";12;0;tidak
Pembeli 166;L;Ya;0;1;SD;1;Wiraswasta;4;10jt s.d. <20jt;2;1jt s.d. <5jt;Tanah;0;Tidak;1;Ya;"Rp138.000.000,00";"Rp30.000.000,00";12;2;ya
Pembeli 167;P;Ya;0;1;SD;5;Buruh Lepas;1;< 1jt;0;0;Tanah;0;Tidak;1;Ya;"Rp117.000.000,00";"Rp47.000.000,00";18;1;tidak
Pembeli 168;L;Ya;0;5;PascaSarjana;5;Buruh Lepas;1;< 1jt;0;0;Tanah;0;Tidak;1;Ya;"Rp131.000.000,00";"Rp41.000.000,00";18;0;tidak
Pembeli 169;L;Tidak;0;1;SD;1;Wiraswasta;6;> 30jt;2;1jt s.d. <5jt;Tanah;1;Ya;1;Ya;"Rp108.000.000,00";"Rp14.000.000,00";24;2;ya
Pembeli 170;L;Ya;2;5;PascaSarjana;3;POLRI-TNI;4;10jt s.d. <20jt;2;1jt s.d. <5jt;Tanah;0;Tidak;1;Ya;"Rp112.000.000,00";"Rp43.000.000,00";18;1;ya
Pembeli 171;L;Ya;0;5;PascaSarjana;4;Pegawai Swasta;2;1jt s.d. <5jt;2;1jt s.d. <5jt;Tanah;0;Tidak;1;Ya;"Rp119.000.000,00";"Rp39.000.000,00";18;1;ya
Pembeli 172;;Ya;3+;1;SD;4;Pegawai Swasta;3;5jt s.d. <10jt;1;< 1jt;Rumah;0;Tidak;1;Ya;"Rp213.000.000,00";"Rp51.000.000,00";18;1;ya
Pembeli 173;L;Ya;3+;3;SMA;2;PNS;4;10jt s.d. <20jt;3;5jt s.d. <10jt;Tanah;1;Ya;1;Ya;"Rp115.000.000,00";"Rp26.000.000,00";12;2;ya
Pembeli 174;L;Ya;0;3;SMA;1;Wiraswasta;6;> 30jt;4;10jt s.d. <20jt;Tanah;0;Tidak;1;Ya;"Rp132.000.000,00";"Rp47.000.000,00";18;2+;ya
Pembeli 175;L;Ya;0;2;SMP;4;Pegawai Swasta;3;5jt s.d. <10jt;1;< 1jt;Tanah;1;Ya;1;Ya;"Rp139.000.000,00";"Rp30.000.000,00";18;2;ya
Pembeli 176;L;Ya;0;1;SD;3;POLRI-TNI;4;10jt s.d. <20jt;1;< 1jt;Tanah;1;Ya;1;Ya;"Rp107.000.000,00";"Rp38.000.000,00";18;2+;ya
Pembeli 177;L;Ya;2;3;SMA;1;Wiraswasta;4;10jt s.d. <20jt;2;1jt s.d. <5jt;Tanah;0;Tidak;1;Ya;"Rp120.000.000,00";"Rp30.000.000,00";18;2+;ya
Pembeli 178;L;Ya;3+;2;SMP;4;Pegawai Swasta;3;5jt s.d. <10jt;2;1jt s.d. <5jt;Tanah;0;Tidak;1;Ya;"Rp137.000.000,00";"Rp40.000.000,00";18;2+;ya
Pembeli 179;L;Ya;1;3;SMA;2;PNS;3;5jt s.d. <10jt;2;1jt s.d. <5jt;Tanah;0;Tidak;1;Ya;"Rp105.000.000,00";"Rp19.000.000,00";18;0;ya
Pembeli 180;L;Tidak;0;2;SMP;1;Wiraswasta;4;10jt s.d. <20jt;4;10jt s.d. <20jt;Rumah;1;Ya;1;Ya;"Rp190.000.000,00";"Rp50.000.000,00";24;0;ya
Pembeli 181;L;Ya;1;2;SMP;1;Wiraswasta;6;> 30jt;4;10jt s.d. <20jt;Rumah;0;Tidak;1;Ya;"Rp198.000.000,00";"Rp99.000.000,00";18;2+;ya
Pembeli 182;L;Tidak;0;3;SMA;2;PNS;4;10jt s.d. <20jt;1;< 1jt;Tanah;0;Tidak;1;Ya;"Rp123.000.000,00";"Rp19.000.000,00";18;2+;ya
Pembeli 183;L;Ya;0;1;SD;5;Buruh Lepas;1;< 1jt;0;0;Tanah;1;Ya;1;Ya;"Rp116.000.000,00";"Rp13.000.000,00";12;2+;tidak
Pembeli 184;L;Ya;1;5;PascaSarjana;1;Wiraswasta;3;5jt s.d. <10jt;4;10jt s.d. <20jt;Tanah;1;Ya;1;Ya;"Rp133.000.000,00";"Rp38.000.000,00";18;0;ya
Pembeli 185;P;Ya;0;4;Sarjana;5;Buruh Lepas;1;< 1jt;0;0;Tanah;1;Ya;1;Ya;"Rp143.000.000,00";"Rp32.000.000,00";18;2;tidak
Pembeli 186;L;Ya;0;3;SMA;5;Buruh Lepas;1;< 1jt;0;0;Tanah;1;Ya;1;Ya;"Rp148.000.000,00";"Rp39.000.000,00";18;2+;tidak
Pembeli 187;L;Ya;1;4;Sarjana;2;PNS;3;5jt s.d. <10jt;1;< 1jt;Tanah;0;Tidak;1;Ya;"Rp108.000.000,00";"Rp24.000.000,00";18;2+;ya
Pembeli 188;L;Ya;0;4;Sarjana;1;Wiraswasta;6;> 30jt;3;5jt s.d. <10jt;Tanah;1;Ya;1;Ya;"Rp110.000.000,00";"Rp23.000.000,00";18;2;ya
Pembeli 189;;Ya;0;5;PascaSarjana;4;Pegawai Swasta;3;5jt s.d. <10jt;2;1jt s.d. <5jt;Tanah;0;Tidak;1;Ya;"Rp136.000.000,00";"Rp19.000.000,00";18;2+;ya
Pembeli 190;L;Ya;0;2;SMP;4;Pegawai Swasta;3;5jt s.d. <10jt;2;1jt s.d. <5jt;Tanah;1;Ya;1;Ya;"Rp102.000.000,00";"Rp13.000.000,00";12;1;ya
Pembeli 191;L;Tidak;0;4;Sarjana;4;Pegawai Swasta;2;1jt s.d. <5jt;2;1jt s.d. <5jt;Tanah;1;Ya;1;Ya;"Rp106.000.000,00";"Rp25.000.000,00";18;2;ya
Pembeli 192;L;Tidak;0;3;SMA;4;Pegawai Swasta;2;1jt s.d. <5jt;1;< 1jt;Tanah;1;Ya;1;Ya;"Rp150.000.000,00";"Rp30.000.000,00";18;2;ya
Pembeli 193;L;Ya;1;5;PascaSarjana;2;PNS;2;1jt s.d. <5jt;2;1jt s.d. <5jt;Rumah;0;Tidak;1;Ya;"Rp209.000.000,00";"Rp64.000.000,00";18;1;ya
Pembeli 194;L;Tidak;0;2;SMP;4;Pegawai Swasta;3;5jt s.d. <10jt;1;< 1jt;Tanah;1;Ya;1;Ya;"Rp150.000.000,00";"Rp41.000.000,00";18;0;ya
Pembeli 195;L;Tidak;0;3;SMA;1;Wiraswasta;4;10jt s.d. <20jt;4;10jt s.d. <20jt;Tanah;0;Tidak;1;Ya;"Rp125.000.000,00";"Rp49.000.000,00";18;2+;ya
Pembeli 196;L;Ya;1;2;SMP;1;Wiraswasta;3;5jt s.d. <10jt;3;5jt s.d. <10jt;Tanah;0;Tidak;1;Ya;"Rp117.000.000,00";"Rp18.000.000,00";18;0;ya
Pembeli 197;L;Tidak;0;2;SMP;1;Wiraswasta;3;5jt s.d. <10jt;2;1jt s.d. <5jt;Tanah;1;Ya;1;Ya;"Rp145.000.000,00";"Rp29.000.000,00";18;2+;ya
Pembeli 198;P;Tidak;0;3;SMA;5;Buruh Lepas;1;< 1jt;0;0;Rumah;0;Tidak;1;Ya;"Rp206.000.000,00";"Rp96.000.000,00";12;0;tidak
Pembeli 199;P;Ya;1;3;SMA;1;Wiraswasta;4;10jt s.d. <20jt;3;5jt s.d. <10jt;Tanah;0;Tidak;1;Ya;"Rp105.000.000,00";"Rp36.000.000,00";18;1;ya
Pembeli 200;L;Tidak;0;3;SMA;5;Buruh Lepas;1;< 1jt;0;0;Rumah;1;Ya;1;Ya;"Rp214.000.000,00";"Rp73.000.000,00";18;2+;tidak
Pembeli 201;L;Ya;1;1;SD;5;Buruh Lepas;1;< 1jt;0;0;Tanah;0;Tidak;1;Ya;"Rp139.000.000,00";"Rp22.000.000,00";18;1;tidak
Pembeli 202;L;Tidak;2;2;SMP;5;Buruh Lepas;1;< 1jt;0;0;Tanah;0;Tidak;1;Ya;"Rp138.000.000,00";"Rp17.000.000,00";18;2+;tidak
Pembeli 203;L;Ya;3+;2;SMP;5;Buruh Lepas;1;< 1jt;0;0;Rumah;1;Ya;1;Ya;"Rp197.000.000,00";"Rp59.000.000,00";12;2;tidak
Pembeli 204;L;Ya;1;2;SMP;5;Buruh Lepas;1;< 1jt;0;0;Rumah;1;Ya;1;Ya;"Rp196.000.000,00";"Rp89.000.000,00";18;2;tidak
Pembeli 205;L;Ya;2;5;PascaSarjana;3;POLRI-TNI;3;5jt s.d. <10jt;3;5jt s.d. <10jt;Tanah;1;Ya;1;Ya;"Rp126.000.000,00";"Rp27.000.000,00";18;1;ya
Pembeli 206;P;Tidak;0;5;PascaSarjana;3;POLRI-TNI;4;10jt s.d. <20jt;3;5jt s.d. <10jt;Tanah;1;Ya;1;Ya;"Rp142.000.000,00";"Rp50.000.000,00";18;2;ya
Pembeli 207;P;Tidak;0;4;Sarjana;2;PNS;3;5jt s.d. <10jt;2;1jt s.d. <5jt;Rumah;0;Tidak;1;Ya;"Rp236.000.000,00";"Rp57.000.000,00";18;1;ya
Pembeli 208;L;Tidak;0;3;SMA;4;Pegawai Swasta;3;5jt s.d. <10jt;1;< 1jt;Tanah;0;Tidak;1;Ya;"Rp141.000.000,00";"Rp32.000.000,00";18;1;ya
Pembeli 209;L;Tidak;0;4;Sarjana;3;POLRI-TNI;3;5jt s.d. <10jt;1;< 1jt;Rumah;1;Ya;1;Ya;"Rp191.000.000,00";"Rp73.000.000,00";18;1;ya
Pembeli 210;L;Tidak;0;5;PascaSarjana;1;Wiraswasta;3;5jt s.d. <10jt;2;1jt s.d. <5jt;Tanah;0;Tidak;1;Ya;"Rp150.000.000,00";"Rp22.000.000,00";18;2;ya
Pembeli 211;P;Tidak;0;3;SMA;4;Pegawai Swasta;3;5jt s.d. <10jt;1;< 1jt;Tanah;1;Ya;1;Ya;"Rp140.000.000,00";"Rp14.000.000,00";18;1;tidak
Pembeli 212;L;Ya;3+;5;PascaSarjana;3;POLRI-TNI;4;10jt s.d. <20jt;2;1jt s.d. <5jt;Tanah;1;Ya;1;Ya;"Rp105.000.000,00";"Rp23.000.000,00";18;2;tidak
Pembeli 213;L;Ya;1;5;PascaSarjana;3;POLRI-TNI;4;10jt s.d. <20jt;3;5jt s.d. <10jt;Rumah;1;Ya;1;Ya;"Rp195.000.000,00";"Rp93.000.000,00";18;2;ya
Pembeli 214;L;Ya;3+;4;Sarjana;2;PNS;3;5jt s.d. <10jt;2;1jt s.d. <5jt;Tanah;0;Tidak;1;Ya;"Rp111.000.000,00";"Rp20.000.000,00";18;1;ya
Pembeli 215;L;Ya;1;2;SMP;5;Buruh Lepas;1;< 1jt;0;0;Rumah;1;Ya;1;Ya;"Rp188.000.000,00";"Rp62.000.000,00";18;2;tidak
Pembeli 216;L;Ya;3+;5;PascaSarjana;2;PNS;4;10jt s.d. <20jt;2;1jt s.d. <5jt;Tanah;0;Tidak;1;Ya;"Rp150.000.000,00";"Rp49.000.000,00";18;2+;tidak
Pembeli 217;L;Ya;1;5;PascaSarjana;4;Pegawai Swasta;2;1jt s.d. <5jt;2;1jt s.d. <5jt;Tanah;0;Tidak;1;Ya;"Rp140.000.000,00";"Rp23.000.000,00";18;0;ya
Pembeli 218;L;Ya;1;5;PascaSarjana;1;Wiraswasta;5;20jt s.d. <30jt;2;1jt s.d. <5jt;Tanah;0;Tidak;1;Ya;"Rp125.000.000,00";"Rp26.000.000,00";18;2;ya
Pembeli 219;L;Ya;2;1;SD;1;Wiraswasta;3;5jt s.d. <10jt;3;5jt s.d. <10jt;Tanah;0;Tidak;1;Ya;"Rp141.000.000,00";"Rp26.000.000,00";18;2+;tidak
Pembeli 220;P;Ya;2;2;SMP;2;PNS;2;1jt s.d. <5jt;1;< 1jt;Tanah;1;Ya;1;Ya;"Rp147.000.000,00";"Rp18.000.000,00";18;2+;ya
Pembeli 221;L;Ya;1;2;SMP;4;Pegawai Swasta;2;1jt s.d. <5jt;1;< 1jt;Rumah;0;Tidak;1;Ya;"Rp188.000.000,00";"Rp67.000.000,00";18;0;tidak
Pembeli 222;L;Ya;2;3;SMA;3;POLRI-TNI;3;5jt s.d. <10jt;1;< 1jt;Tanah;0;Tidak;1;Ya;"Rp125.000.000,00";"Rp45.000.000,00";18;0;ya
Pembeli 223;L;Tidak;0;3;SMA;2;PNS;2;1jt s.d. <5jt;2;1jt s.d. <5jt;Tanah;1;Ya;1;Ya;"Rp143.000.000,00";"Rp31.000.000,00";18;1;ya
Pembeli 224;L;Ya;0;3;SMA;4;Pegawai Swasta;2;1jt s.d. <5jt;1;< 1jt;Tanah;0;Tidak;1;Ya;"Rp110.000.000,00";"Rp46.000.000,00";18;1;ya
Pembeli 225;L;Ya;0;5;PascaSarjana;1;Wiraswasta;3;5jt s.d. <10jt;3;5jt s.d. <10jt;Tanah;0;Tidak;1;Ya;"Rp102.000.000,00";"Rp27.000.000,00";18;1;ya
Pembeli 226;L;Ya;0;1;SD;5;Buruh Lepas;1;< 1jt;0;0;Tanah;1;Ya;1;Ya;"Rp103.000.000,00";"Rp38.000.000,00";18;2;tidak
Pembeli 227;L;Ya;1;1;SD;1;Wiraswasta;3;5jt s.d. <10jt;2;1jt s.d. <5jt;Rumah;1;Ya;1;Ya;"Rp246.000.000,00";"Rp67.000.000,00";18;0;ya
Pembeli 228;L;Ya;2;3;SMA;1;Wiraswasta;4;10jt s.d. <20jt;3;5jt s.d. <10jt;Tanah;1;Ya;1;Ya;"Rp148.000.000,00";"Rp33.000.000,00";18;2;ya
Pembeli 229;L;tidak;0;5;PascaSarjana;3;POLRI-TNI;3;5jt s.d. <10jt;1;< 1jt;Tanah;1;Ya;1;Ya;"Rp101.000.000,00";"Rp37.000.000,00";24;2+;tidak
Pembeli 230;L;Tidak;0;3;SMA;5;Buruh Lepas;1;< 1jt;0;0;Tanah;0;Tidak;1;Ya;"Rp124.000.000,00";"Rp30.000.000,00";12;1;tidak
Pembeli 231;L;Ya;1;2;SMP;5;Buruh Lepas;1;< 1jt;0;0;Tanah;0;Tidak;1;Ya;"Rp131.000.000,00";"Rp21.000.000,00";12;0;tidak
Pembeli 232;L;Ya;0;3;SMA;3;POLRI-TNI;3;5jt s.d. <10jt;3;5jt s.d. <10jt;Tanah;0;Tidak;1;Ya;"Rp139.000.000,00";"Rp39.000.000,00";24;2+;ya
Pembeli 233;L;Tidak;0;1;SD;5;Buruh Lepas;1;< 1jt;0;0;Tanah;1;Ya;1;Ya;"Rp128.000.000,00";"Rp47.000.000,00";12;2+;tidak
Pembeli 234;P;Tidak;0;5;PascaSarjana;1;Wiraswasta;5;20jt s.d. <30jt;3;5jt s.d. <10jt;Tanah;1;Ya;1;Ya;"Rp134.000.000,00";"Rp46.000.000,00";18;0;ya
Pembeli 235;L;Ya;1;4;Sarjana;4;Pegawai Swasta;2;1jt s.d. <5jt;1;< 1jt;Tanah;0;Tidak;1;Ya;"Rp119.000.000,00";"Rp34.000.000,00";18;2;ya
Pembeli 236;L;Ya;1;1;SD;5;Buruh Lepas;1;< 1jt;0;0;Tanah;1;Ya;1;Ya;"Rp108.000.000,00";"Rp20.000.000,00";18;2+;tidak
Pembeli 237;L;Ya;0;5;PascaSarjana;2;PNS;2;1jt s.d. <5jt;1;< 1jt;Rumah;0;Tidak;1;Ya;"Rp203.000.000,00";"Rp73.000.000,00";18;1;ya
Pembeli 238;P;Tidak;0;3;SMA;3;POLRI-TNI;3;5jt s.d. <10jt;1;< 1jt;Rumah;0;Tidak;1;Ya;"Rp238.000.000,00";"Rp84.000.000,00";18;2;ya
Pembeli 239;P;Tidak;1;4;Sarjana;1;Wiraswasta;5;20jt s.d. <30jt;2;1jt s.d. <5jt;Tanah;1;Ya;1;Ya;"Rp146.000.000,00";"Rp42.000.000,00";18;1;ya
Pembeli 240;L;Ya;1;4;Sarjana;4;Pegawai Swasta;2;1jt s.d. <5jt;1;< 1jt;Tanah;1;Ya;1;Ya;"Rp100.000.000,00";"Rp35.000.000,00";18;1;ya
Pembeli 241;L;Ya;2;2;SMP;4;Pegawai Swasta;2;1jt s.d. <5jt;2;1jt s.d. <5jt;Tanah;1;Ya;1;Ya;"Rp101.000.000,00";"Rp20.000.000,00";12;2;tidak
Pembeli 242;L;Ya;1;5;PascaSarjana;4;Pegawai Swasta;2;1jt s.d. <5jt;1;< 1jt;Rumah;0;Tidak;1;Ya;"Rp212.000.000,00";"Rp62.000.000,00";12;0;ya
Pembeli 243;L;Tidak;0;4;Sarjana;3;POLRI-TNI;2;1jt s.d. <5jt;2;1jt s.d. <5jt;Rumah;0;Tidak;1;Ya;"Rp231.000.000,00";"Rp93.000.000,00";24;2;ya
Pembeli 244;L;Ya;2;3;SMA;5;Buruh Lepas;1;< 1jt;0;0;Tanah;0;Tidak;1;Ya;"Rp118.000.000,00";"Rp34.000.000,00";18;2;tidak
Pembeli 245;L;Ya;0;3;SMA;1;Wiraswasta;4;10jt s.d. <20jt;3;5jt s.d. <10jt;Tanah;1;Ya;1;Ya;"Rp128.000.000,00";"Rp35.000.000,00";18;1;ya
Pembeli 246;L;Tidak;0;4;Sarjana;3;POLRI-TNI;4;10jt s.d. <20jt;1;< 1jt;Rumah;0;Tidak;1;Ya;"Rp186.000.000,00";"Rp69.000.000,00";12;2+;tidak
Pembeli 247;L;Ya;2;4;Sarjana;3;POLRI-TNI;4;10jt s.d. <20jt;1;< 1jt;Rumah;0;Tidak;1;Ya;"Rp193.000.000,00";"Rp87.000.000,00";18;1;ya
Pembeli 248;L;Ya;1;3;SMA;1;Wiraswasta;4;10jt s.d. <20jt;2;1jt s.d. <5jt;Rumah;0;Tidak;1;Ya;"Rp237.000.000,00";"Rp89.000.000,00";12;2;ya
Pembeli 249;L;Ya;1;3;SMA;3;POLRI-TNI;3;5jt s.d. <10jt;1;< 1jt;Tanah;0;Tidak;1;Ya;"Rp107.000.000,00";"Rp48.000.000,00";24;1;ya
Pembeli 250;L;Ya;0;4;Sarjana;1;Wiraswasta;5;20jt s.d. <30jt;3;5jt s.d. <10jt;Rumah;0;Tidak;1;Ya;"Rp204.000.000,00";"Rp100.000.000,00";18;0;ya
Pembeli 251;L;Ya;0;2;SMP;5;Buruh Lepas;1;< 1jt;0;0;Tanah;0;Tidak;1;Ya;"Rp112.000.000,00";"Rp12.000.000,00";18;2;tidak
Pembeli 252;P;Tidak;2;2;SMP;3;POLRI-TNI;2;1jt s.d. <5jt;2;1jt s.d. <5jt;Rumah;0;Tidak;1;Ya;"Rp189.000.000,00";"Rp90.000.000,00";18;1;tidak
Pembeli 253;L;Tidak;0;3;SMA;5;Buruh Lepas;1;< 1jt;0;0;Tanah;0;Tidak;1;Ya;"Rp112.000.000,00";"Rp15.000.000,00";18;0;tidak
Pembeli 254;L;Ya;1;4;Sarjana;2;PNS;3;5jt s.d. <10jt;2;1jt s.d. <5jt;Tanah;1;Ya;1;Ya;"Rp134.000.000,00";"Rp18.000.000,00";12;2;ya
Pembeli 255;L;Tidak;0;3;SMA;3;POLRI-TNI;4;10jt s.d. <20jt;3;5jt s.d. <10jt;Rumah;1;Ya;1;Ya;"Rp189.000.000,00";"Rp75.000.000,00";18;2;ya
Pembeli 256;P;Tidak;3+;1;SD;5;Buruh Lepas;1;< 1jt;0;0;Tanah;0;Tidak;1;Ya;"Rp130.000.000,00";"Rp12.000.000,00";18;2+;tidak
Pembeli 257;L;Tidak;0;3;SMA;4;Pegawai Swasta;2;1jt s.d. <5jt;1;< 1jt;Tanah;0;Tidak;1;Ya;"Rp146.000.000,00";"Rp32.000.000,00";18;1;tidak
Pembeli 258;L;Ya;3+;5;PascaSarjana;5;Buruh Lepas;1;< 1jt;0;0;Rumah;0;Tidak;1;Ya;"Rp184.000.000,00";"Rp99.000.000,00";18;1;tidak
Pembeli 259;L;Ya;0;2;SMP;1;Wiraswasta;3;5jt s.d. <10jt;3;5jt s.d. <10jt;Tanah;1;Ya;1;Ya;"Rp105.000.000,00";"Rp35.000.000,00";18;1;tidak
Pembeli 260;L;Ya;3+;5;PascaSarjana;4;Pegawai Swasta;2;1jt s.d. <5jt;2;1jt s.d. <5jt;Tanah;1;Ya;1;Ya;"Rp103.000.000,00";"Rp10.000.000,00";18;1;tidak
Pembeli 261;L;Ya;1;2;SMP;5;Buruh Lepas;1;< 1jt;0;0;Rumah;1;Ya;1;Ya;"Rp197.000.000,00";"Rp62.000.000,00";18;0;tidak
Pembeli 262;L;Tidak;0;2;SMP;1;Wiraswasta;3;5jt s.d. <10jt;3;5jt s.d. <10jt;Tanah;0;Tidak;1;Ya;"Rp142.000.000,00";"Rp25.000.000,00";18;2+;ya
Pembeli 263;P;Tidak;1;2;SMP;2;PNS;4;10jt s.d. <20jt;1;< 1jt;Tanah;0;Tidak;1;Ya;"Rp139.000.000,00";"Rp10.000.000,00";18;2;tidak
Pembeli 264;P;Tidak;0;4;Sarjana;3;POLRI-TNI;3;5jt s.d. <10jt;1;< 1jt;Tanah;0;Tidak;1;Ya;"Rp132.000.000,00";"Rp24.000.000,00";18;0;tidak
Pembeli 265;L;Tidak;0;3;SMA;4;Pegawai Swasta;3;5jt s.d. <10jt;2;1jt s.d. <5jt;Tanah;0;Tidak;1;Ya;"Rp122.000.000,00";"Rp30.000.000,00";18;0;tidak
Pembeli 266;L;Tidak;0;2;SMP;3;POLRI-TNI;3;5jt s.d. <10jt;2;1jt s.d. <5jt;Tanah;1;Ya;1;Ya;"Rp121.000.000,00";"Rp36.000.000,00";18;2+;tidak
Pembeli 267;L;Ya;2;3;SMA;4;Pegawai Swasta;2;1jt s.d. <5jt;1;< 1jt;Tanah;1;Ya;1;Ya;"Rp150.000.000,00";"Rp12.000.000,00";18;1;tidak
Pembeli 268;L;Ya;3+;5;PascaSarjana;3;POLRI-TNI;2;1jt s.d. <5jt;1;< 1jt;Rumah;0;Tidak;1;Ya;"Rp230.000.000,00";"Rp93.000.000,00";18;2+;tidak
Pembeli 269;P;Tidak;0;1;SD;2;PNS;2;1jt s.d. <5jt;1;< 1jt;Tanah;0;Tidak;1;Ya;"Rp110.000.000,00";"Rp38.000.000,00";18;1;tidak
Pembeli 270;P;Tidak;1;1;SD;1;Wiraswasta;6;> 30jt;2;1jt s.d. <5jt;Rumah;0;Tidak;1;Ya;"Rp206.000.000,00";"Rp81.000.000,00";18;2;ya
Pembeli 271;P;Tidak;0;4;Sarjana;5;Buruh Lepas;1;< 1jt;0;0;Rumah;1;Ya;1;Ya;"Rp242.000.000,00";"Rp91.000.000,00";18;2;tidak
Pembeli 272;L;Ya;0;3;SMA;4;Pegawai Swasta;2;1jt s.d. <5jt;2;1jt s.d. <5jt;Rumah;0;Tidak;1;Ya;"Rp246.000.000,00";"Rp94.000.000,00";18;2+;tidak
Pembeli 273;L;Tidak;0;3;SMA;5;Buruh Lepas;1;< 1jt;0;0;Tanah;1;Ya;1;Ya;"Rp102.000.000,00";"Rp15.000.000,00";18;2+;tidak
Pembeli 274;L;Ya;0;3;SMA;4;Pegawai Swasta;3;5jt s.d. <10jt;1;< 1jt;Tanah;0;Tidak;1;Ya;"Rp132.000.000,00";"Rp41.000.000,00";18;2;ya
Pembeli 275;L;Ya;2;2;SMP;4;Pegawai Swasta;2;1jt s.d. <5jt;2;1jt s.d. <5jt;Tanah;1;Ya;1;Ya;"Rp139.000.000,00";"Rp22.000.000,00";18;1;tidak
Pembeli 276;L;Ya;1;2;SMP;5;Buruh Lepas;1;< 1jt;0;0;Tanah;0;Tidak;1;Ya;"Rp108.000.000,00";"Rp22.000.000,00";18;1;tidak
Pembeli 277;L;Ya;0;3;SMA;3;POLRI-TNI;4;10jt s.d. <20jt;3;5jt s.d. <10jt;Tanah;0;Tidak;1;Ya;"Rp121.000.000,00";"Rp43.000.000,00";18;2+;ya
Pembeli 278;L;Ya;0;1;SD;4;Pegawai Swasta;2;1jt s.d. <5jt;2;1jt s.d. <5jt;Rumah;1;Ya;1;Ya;"Rp212.000.000,00";"Rp84.000.000,00";18;1;tidak
Pembeli 279;L;Ya;0;2;SMP;5;Buruh Lepas;1;< 1jt;0;0;Tanah;0;Tidak;1;Ya;"Rp141.000.000,00";"Rp47.000.000,00";18;1;tidak
Pembeli 280;P;Ya;0;1;SD;5;Buruh Lepas;1;< 1jt;0;0;Tanah;0;Tidak;1;Ya;"Rp109.000.000,00";"Rp37.000.000,00";18;0;tidak
Pembeli 281;L;Tidak;1;2;SMP;5;Buruh Lepas;1;< 1jt;0;0;Rumah;1;Ya;1;Ya;"Rp249.000.000,00";"Rp78.000.000,00";18;2;tidak
Pembeli 282;L;Ya;0;4;Sarjana;5;Buruh Lepas;1;< 1jt;0;0;Tanah;1;Ya;1;Ya;"Rp120.000.000,00";"Rp22.000.000,00";18;1;tidak
Pembeli 283;L;Ya;2;4;Sarjana;1;Wiraswasta;5;20jt s.d. <30jt;4;10jt s.d. <20jt;Rumah;1;Ya;1;Ya;"Rp238.000.000,00";"Rp89.000.000,00";12;2+;ya
Pembeli 284;P;Tidak;0;4;Sarjana;1;Wiraswasta;6;> 30jt;2;1jt s.d. <5jt;Rumah;0;Tidak;1;Ya;"Rp228.000.000,00";"Rp63.000.000,00";18;0;ya
Pembeli 285;L;Ya;0;5;PascaSarjana;5;Buruh Lepas;1;< 1jt;0;0;Tanah;1;Ya;1;Ya;"Rp110.000.000,00";"Rp44.000.000,00";18;1;tidak
Pembeli 286;L;Tidak;0;3;SMA;3;POLRI-TNI;3;5jt s.d. <10jt;1;< 1jt;Tanah;1;Ya;1;Ya;"Rp127.000.000,00";"Rp46.000.000,00";18;1;ya
Pembeli 287;P;Tidak;0;2;SMP;3;POLRI-TNI;2;1jt s.d. <5jt;2;1jt s.d. <5jt;Tanah;1;Ya;1;Ya;"Rp145.000.000,00";"Rp15.000.000,00";18;0;tidak
Pembeli 288;L;Ya;0;4;Sarjana;5;Buruh Lepas;1;< 1jt;0;0;Tanah;0;Tidak;1;Ya;"Rp127.000.000,00";"Rp44.000.000,00";18;0;tidak
Pembeli 289;P;Tidak;0;4;Sarjana;5;Buruh Lepas;1;< 1jt;0;0;Tanah;0;Tidak;1;Ya;"Rp113.000.000,00";"Rp39.000.000,00";18;0;tidak
Pembeli 290;L;Tidak;0;4;Sarjana;5;Buruh Lepas;1;< 1jt;0;0;Tanah;0;Tidak;1;Ya;"Rp142.000.000,00";"Rp41.000.000,00";18;2+;tidak
Pembeli 291;L;Ya;0;5;PascaSarjana;4;Pegawai Swasta;3;5jt s.d. <10jt;1;< 1jt;Tanah;1;Ya;1;Ya;"Rp132.000.000,00";"Rp36.000.000,00";18;0;ya
Pembeli 292;L;Ya;2;5;PascaSarjana;1;Wiraswasta;6;> 30jt;2;1jt s.d. <5jt;Tanah;0;Tidak;1;Ya;"Rp108.000.000,00";"Rp16.000.000,00";18;2+;ya
Pembeli 293;L;Ya;2;1;SD;3;POLRI-TNI;2;1jt s.d. <5jt;2;1jt s.d. <5jt;Rumah;1;Ya;1;Ya;"Rp247.000.000,00";"Rp63.000.000,00";18;1;tidak
Pembeli 294;P;Tidak;;1;SD;2;PNS;3;5jt s.d. <10jt;2;1jt s.d. <5jt;Rumah;0;Tidak;1;Ya;"Rp225.000.000,00";"Rp65.000.000,00";24;1;ya
Pembeli 295;L;Ya;0;3;SMA;1;Wiraswasta;5;20jt s.d. <30jt;3;5jt s.d. <10jt;Tanah;0;Tidak;1;Ya;"Rp145.000.000,00";"Rp43.000.000,00";18;1;ya
Pembeli 296;L;Ya;3+;5;PascaSarjana;4;Pegawai Swasta;2;1jt s.d. <5jt;2;1jt s.d. <5jt;Rumah;0;Tidak;1;Ya;"Rp196.000.000,00";"Rp83.000.000,00";18;2;tidak
Pembeli 297;L;Ya;1;5;PascaSarjana;2;PNS;2;1jt s.d. <5jt;3;5jt s.d. <10jt;Tanah;0;Tidak;1;Ya;"Rp125.000.000,00";"Rp50.000.000,00";18;2+;tidak
Pembeli 298;P;Ya;1;5;PascaSarjana;3;POLRI-TNI;4;10jt s.d. <20jt;3;5jt s.d. <10jt;Rumah;1;Ya;1;Ya;"Rp207.000.000,00";"Rp87.000.000,00";18;1;ya
Pembeli 299;P;Tidak;0;2;SMP;3;POLRI-TNI;4;10jt s.d. <20jt;1;< 1jt;Tanah;0;Tidak;1;Ya;"Rp149.000.000,00";"Rp43.000.000,00";24;2;ya
Pembeli 300;L;Ya;1;3;SMA;4;Pegawai Swasta;3;5jt s.d. <10jt;1;< 1jt;Rumah;0;Tidak;1;Ya;"Rp219.000.000,00";"Rp56.000.000,00";18;0;ya
Pembeli 301;L;Ya;0;2;SMP;2;PNS;2;1jt s.d. <5jt;1;< 1jt;Rumah;1;Ya;1;Ya;"Rp191.000.000,00";"Rp73.000.000,00";18;2+;tidak
Pembeli 302;L;Ya;;3;SMA;4;Pegawai Swasta;2;1jt s.d. <5jt;1;< 1jt;Tanah;0;Tidak;1;Ya;"Rp123.000.000,00";"Rp45.000.000,00";18;1;tidak
Pembeli 303;P;Tidak;0;2;SMP;3;POLRI-TNI;3;5jt s.d. <10jt;2;1jt s.d. <5jt;Tanah;1;Ya;1;Ya;"Rp106.000.000,00";"Rp12.000.000,00";18;2+;ya
Pembeli 304;L;Ya;1;4;Sarjana;2;PNS;2;1jt s.d. <5jt;2;1jt s.d. <5jt;Rumah;0;Tidak;1;Ya;"Rp193.000.000,00";"Rp84.000.000,00";18;1;tidak
Pembeli 305;L;Tidak;0;2;SMP;3;POLRI-TNI;2;1jt s.d. <5jt;2;1jt s.d. <5jt;Tanah;1;Ya;1;Ya;"Rp123.000.000,00";"Rp24.000.000,00";18;2;tidak
Pembeli 306;L;Tidak;0;2;SMP;1;Wiraswasta;5;20jt s.d. <30jt;4;10jt s.d. <20jt;Rumah;0;Tidak;1;Ya;"Rp228.000.000,00";"Rp61.000.000,00";18;1;ya
Pembeli 307;P;Tidak;0;1;SD;1;Wiraswasta;5;20jt s.d. <30jt;3;5jt s.d. <10jt;Tanah;1;Ya;1;Ya;"Rp142.000.000,00";"Rp20.000.000,00";18;2+;ya
Pembeli 308;P;Tidak;0;5;PascaSarjana;2;PNS;3;5jt s.d. <10jt;2;1jt s.d. <5jt;Rumah;0;Tidak;1;Ya;"Rp247.000.000,00";"Rp56.000.000,00";18;1;ya
Pembeli 309;L;Tidak;0;5;PascaSarjana;3;POLRI-TNI;2;1jt s.d. <5jt;2;1jt s.d. <5jt;Tanah;0;Tidak;1;Ya;"Rp104.000.000,00";"Rp49.000.000,00";18;2+;tidak
Pembeli 310;L;Ya;2;3;SMA;2;PNS;3;5jt s.d. <10jt;1;< 1jt;Tanah;1;Ya;1;Ya;"Rp136.000.000,00";"Rp14.000.000,00";18;0;ya
Pembeli 311;P;Tidak;0;4;Sarjana;2;PNS;4;10jt s.d. <20jt;3;5jt s.d. <10jt;Tanah;0;Tidak;1;Ya;"Rp122.000.000,00";"Rp44.000.000,00";18;0;ya
Pembeli 312;L;Tidak;0;3;SMA;2;PNS;2;1jt s.d. <5jt;1;< 1jt;Tanah;1;Ya;1;Ya;"Rp111.000.000,00";"Rp47.000.000,00";18;2+;tidak
Pembeli 313;P;Tidak;0;1;SD;5;Buruh Lepas;1;< 1jt;0;0;Tanah;1;Ya;1;Ya;"Rp106.000.000,00";"Rp32.000.000,00";18;1;tidak
Pembeli 314;L;Ya;2;4;Sarjana;4;Pegawai Swasta;3;5jt s.d. <10jt;1;< 1jt;Tanah;0;Tidak;1;Ya;"Rp129.000.000,00";"Rp18.000.000,00";12;0;ya
Pembeli 315;;Ya;0;2;SMP;3;POLRI-TNI;2;1jt s.d. <5jt;2;1jt s.d. <5jt;Tanah;0;Tidak;1;Ya;"Rp141.000.000,00";"Rp44.000.000,00";18;2+;tidak
Pembeli 316;L;Ya;1;3;SMA;1;Wiraswasta;3;5jt s.d. <10jt;2;1jt s.d. <5jt;Rumah;1;Ya;1;Ya;"Rp195.000.000,00";"Rp82.000.000,00";12;2;ya
Pembeli 317;L;Ya;2;1;SD;2;PNS;3;5jt s.d. <10jt;2;1jt s.d. <5jt;Tanah;0;Tidak;1;Ya;"Rp148.000.000,00";"Rp33.000.000,00";18;1;ya
Pembeli 318;L;Ya;0;4;Sarjana;5;Buruh Lepas;1;< 1jt;0;0;Rumah;1;Ya;1;Ya;"Rp180.000.000,00";"Rp58.000.000,00";18;0;tidak
Pembeli 319;P;Tidak;1;5;PascaSarjana;1;Wiraswasta;5;20jt s.d. <30jt;4;10jt s.d. <20jt;Tanah;0;Tidak;1;Ya;"Rp146.000.000,00";"Rp41.000.000,00";18;1;ya
Pembeli 320;L;Ya;1;4;Sarjana;5;Buruh Lepas;1;< 1jt;0;0;Tanah;1;Ya;1;Ya;"Rp123.000.000,00";"Rp17.000.000,00";18;0;tidak
Pembeli 321;L;Ya;0;1;SD;4;Pegawai Swasta;2;1jt s.d. <5jt;2;1jt s.d. <5jt;Tanah;1;Ya;1;Ya;"Rp107.000.000,00";"Rp17.000.000,00";18;0;tidak
Pembeli 322;L;Ya;3+;2;SMP;5;Buruh Lepas;1;< 1jt;0;0;Tanah;0;Tidak;1;Ya;"Rp148.000.000,00";"Rp34.000.000,00";18;2+;tidak
Pembeli 323;L;Ya;2;2;SMP;2;PNS;2;1jt s.d. <5jt;3;5jt s.d. <10jt;Tanah;1;Ya;1;Ya;"Rp133.000.000,00";"Rp49.000.000,00";18;2;tidak
Pembeli 324;P;Tidak;0;2;SMP;1;Wiraswasta;4;10jt s.d. <20jt;4;10jt s.d. <20jt;Tanah;1;Ya;1;Ya;"Rp148.000.000,00";"Rp45.000.000,00";18;1;ya
Pembeli 325;L;Ya;3+;2;SMP;4;Pegawai Swasta;3;5jt s.d. <10jt;2;1jt s.d. <5jt;Tanah;1;Ya;1;Ya;"Rp146.000.000,00";"Rp49.000.000,00";18;1;ya
Pembeli 326;L;Ya;1;2;SMP;1;Wiraswasta;6;> 30jt;4;10jt s.d. <20jt;Tanah;1;Ya;1;Ya;"Rp103.000.000,00";"Rp45.000.000,00";18;1;ya
Pembeli 327;L;Tidak;0;3;SMA;4;Pegawai Swasta;3;5jt s.d. <10jt;2;1jt s.d. <5jt;Tanah;0;Tidak;1;Ya;"Rp101.000.000,00";"Rp22.000.000,00";18;2+;ya
Pembeli 328;L;Ya;0;2;SMP;4;Pegawai Swasta;3;5jt s.d. <10jt;1;< 1jt;Tanah;1;Ya;1;Ya;"Rp101.000.000,00";"Rp28.000.000,00";18;1;ya
Pembeli 329;P;Ya;0;1;SD;3;POLRI-TNI;4;10jt s.d. <20jt;2;1jt s.d. <5jt;Rumah;1;Ya;1;Ya;"Rp183.000.000,00";"Rp68.000.000,00";18;2;ya
Pembeli 330;P;Tidak;0;5;PascaSarjana;4;Pegawai Swasta;3;5jt s.d. <10jt;1;< 1jt;Rumah;1;Ya;1;Ya;"Rp189.000.000,00";"Rp75.000.000,00";18;0;ya
Pembeli 331;L;Tidak;1;1;SD;4;Pegawai Swasta;3;5jt s.d. <10jt;2;1jt s.d. <5jt;Rumah;0;Tidak;1;Ya;"Rp191.000.000,00";"Rp77.000.000,00";18;1;ya
Pembeli 332;L;Tidak;0;1;SD;2;PNS;4;10jt s.d. <20jt;3;5jt s.d. <10jt;Tanah;1;Ya;1;Ya;"Rp103.000.000,00";"Rp45.000.000,00";18;1;ya
Pembeli 333;L;Tidak;;1;SD;1;Wiraswasta;5;20jt s.d. <30jt;2;1jt s.d. <5jt;Rumah;1;Ya;1;Ya;"Rp187.000.000,00";"Rp93.000.000,00";18;2+;ya
Pembeli 334;L;Ya;0;4;Sarjana;4;Pegawai Swasta;2;1jt s.d. <5jt;1;< 1jt;Rumah;0;Tidak;1;Ya;"Rp185.000.000,00";"Rp80.000.000,00";12;1;tidak
Pembeli 335;;Ya;1;1;SD;2;PNS;4;10jt s.d. <20jt;1;< 1jt;Rumah;1;Ya;1;Ya;"Rp245.000.000,00";"Rp89.000.000,00";12;0;ya
Pembeli 336;L;Ya;;5;PascaSarjana;5;Buruh Lepas;1;< 1jt;0;0;Tanah;0;Tidak;1;Ya;"Rp113.000.000,00";"Rp38.000.000,00";12;2+;tidak
Pembeli 337;L;Ya;1;1;SD;3;POLRI-TNI;2;1jt s.d. <5jt;1;< 1jt;Tanah;0;Tidak;1;Ya;"Rp138.000.000,00";"Rp36.000.000,00";18;1;tidak
Pembeli 338;L;Ya;2;2;SMP;4;Pegawai Swasta;2;1jt s.d. <5jt;1;< 1jt;Tanah;1;Ya;1;Ya;"Rp146.000.000,00";"Rp15.000.000,00";18;0;tidak
Pembeli 339;P;Tidak;3+;3;SMA;3;POLRI-TNI;3;5jt s.d. <10jt;1;< 1jt;Rumah;0;Tidak;1;Ya;"Rp234.000.000,00";"Rp93.000.000,00";18;2;ya
Pembeli 340;P;Tidak;0;1;SD;1;Wiraswasta;4;10jt s.d. <20jt;3;5jt s.d. <10jt;Tanah;0;Tidak;1;Ya;"Rp145.000.000,00";"Rp33.000.000,00";18;2;ya
Pembeli 341;L;Ya;3+;5;PascaSarjana;3;POLRI-TNI;4;10jt s.d. <20jt;1;< 1jt;Tanah;0;Tidak;1;Ya;"Rp115.000.000,00";"Rp10.000.000,00";18;1;ya
Pembeli 342;P;Tidak;0;4;Sarjana;4;Pegawai Swasta;2;1jt s.d. <5jt;2;1jt s.d. <5jt;Tanah;0;Tidak;1;Ya;"Rp124.000.000,00";"Rp11.000.000,00";18;2;tidak
Pembeli 343;L;Ya;1;3;SMA;1;Wiraswasta;4;10jt s.d. <20jt;2;1jt s.d. <5jt;Rumah;1;Ya;1;Ya;"Rp224.000.000,00";"Rp60.000.000,00";18;2;ya
Pembeli 344;L;Ya;3+;3;SMA;5;Buruh Lepas;1;< 1jt;0;0;Tanah;0;Tidak;1;Ya;"Rp146.000.000,00";"Rp40.000.000,00";18;2;tidak
Pembeli 345;L;Ya;2;5;PascaSarjana;1;Wiraswasta;4;10jt s.d. <20jt;4;10jt s.d. <20jt;Tanah;1;Ya;1;Ya;"Rp150.000.000,00";"Rp17.000.000,00";18;0;ya
Pembeli 346;L;Ya;0;2;SMP;1;Wiraswasta;4;10jt s.d. <20jt;3;5jt s.d. <10jt;Tanah;0;Tidak;1;Ya;"Rp125.000.000,00";"Rp17.000.000,00";18;2;ya
Pembeli 347;L;Ya;;3;SMA;2;PNS;4;10jt s.d. <20jt;3;5jt s.d. <10jt;Tanah;1;Ya;1;Ya;"Rp111.000.000,00";"Rp43.000.000,00";18;2;ya
Pembeli 348;L;Ya;2;2;SMP;5;Buruh Lepas;1;< 1jt;0;0;Rumah;1;Ya;1;Ya;"Rp192.000.000,00";"Rp50.000.000,00";18;2;tidak
Pembeli 349;L;Ya;0;4;Sarjana;2;PNS;3;5jt s.d. <10jt;3;5jt s.d. <10jt;Tanah;1;Ya;1;Ya;"Rp116.000.000,00";"Rp14.000.000,00";18;0;ya
Pembeli 350;L;Ya;0;2;SMP;1;Wiraswasta;3;5jt s.d. <10jt;3;5jt s.d. <10jt;Tanah;1;Ya;1;Ya;"Rp123.000.000,00";"Rp35.000.000,00";18;0;ya
Pembeli 351;L;Ya;0;1;SD;4;Pegawai Swasta;3;5jt s.d. <10jt;1;< 1jt;Tanah;1;Ya;1;Ya;"Rp125.000.000,00";"Rp14.000.000,00";18;1;ya
Pembeli 352;L;Tidak;0;3;SMA;5;Buruh Lepas;1;< 1jt;0;0;Tanah;1;Ya;1;Ya;"Rp148.000.000,00";"Rp48.000.000,00";18;1;tidak
Pembeli 353;L;Ya;3+;3;SMA;2;PNS;2;1jt s.d. <5jt;2;1jt s.d. <5jt;Tanah;0;Tidak;1;Ya;"Rp147.000.000,00";"Rp16.000.000,00";18;2+;tidak
Pembeli 354;P;Ya;0;2;SMP;2;PNS;4;10jt s.d. <20jt;1;< 1jt;Tanah;1;Ya;1;Ya;"Rp147.000.000,00";"Rp32.000.000,00";18;2;ya
Pembeli 355;P;Ya;0;1;SD;2;PNS;4;10jt s.d. <20jt;3;5jt s.d. <10jt;Tanah;0;Tidak;1;Ya;"Rp126.000.000,00";"Rp25.000.000,00";18;1;ya
Pembeli 356;P;Tidak;;1;SD;2;PNS;3;5jt s.d. <10jt;1;< 1jt;Rumah;0;Tidak;1;Ya;"Rp241.000.000,00";"Rp50.000.000,00";12;0;ya
Pembeli 357;L;Ya;2;5;PascaSarjana;5;Buruh Lepas;1;< 1jt;0;0;Tanah;1;Ya;1;Ya;"Rp113.000.000,00";"Rp35.000.000,00";18;1;tidak
Pembeli 358;L;Ya;1;3;SMA;4;Pegawai Swasta;2;1jt s.d. <5jt;2;1jt s.d. <5jt;Rumah;1;Ya;1;Ya;"Rp182.000.000,00";"Rp98.000.000,00";18;0;ya
Pembeli 359;L;Ya;0;1;SD;5;Buruh Lepas;1;< 1jt;0;0;Rumah;0;Tidak;1;Ya;"Rp214.000.000,00";"Rp94.000.000,00";24;1;tidak
Pembeli 360;L;Ya;3+;5;PascaSarjana;5;Buruh Lepas;1;< 1jt;0;0;Tanah;1;Ya;1;Ya;"Rp117.000.000,00";"Rp33.000.000,00";18;0;tidak
Pembeli 361;P;Tidak;1;5;PascaSarjana;2;PNS;3;5jt s.d. <10jt;3;5jt s.d. <10jt;Tanah;0;Tidak;1;Ya;"Rp100.000.000,00";"Rp24.000.000,00";18;1;ya
Pembeli 362;L;Ya;2;2;SMP;5;Buruh Lepas;1;< 1jt;0;0;Tanah;0;Tidak;1;Ya;"Rp145.000.000,00";"Rp12.000.000,00";18;0;tidak
Pembeli 363;L;Ya;0;1;SD;4;Pegawai Swasta;3;5jt s.d. <10jt;1;< 1jt;Rumah;0;Tidak;1;Ya;"Rp233.000.000,00";"Rp59.000.000,00";18;0;ya
Pembeli 364;L;Ya;0;5;PascaSarjana;1;Wiraswasta;5;20jt s.d. <30jt;2;1jt s.d. <5jt;Rumah;0;Tidak;1;Ya;"Rp240.000.000,00";"Rp67.000.000,00";18;0;ya
Pembeli 365;L;Tidak;0;2;SMP;1;Wiraswasta;6;> 30jt;4;10jt s.d. <20jt;Tanah;0;Tidak;1;Ya;"Rp134.000.000,00";"Rp31.000.000,00";18;1;ya
Pembeli 366;L;Tidak;0;3;SMA;5;Buruh Lepas;1;< 1jt;0;0;Tanah;1;Ya;1;Ya;"Rp120.000.000,00";"Rp15.000.000,00";18;1;tidak
Pembeli 367;L;Tidak;0;4;Sarjana;2;PNS;4;10jt s.d. <20jt;1;< 1jt;Tanah;0;Tidak;1;Ya;"Rp133.000.000,00";"Rp44.000.000,00";24;2+;ya
Pembeli 368;L;Tidak;0;2;SMP;2;PNS;4;10jt s.d. <20jt;2;1jt s.d. <5jt;Tanah;1;Ya;1;Ya;"Rp125.000.000,00";"Rp44.000.000,00";18;1;ya
Pembeli 369;L;Ya;1;5;PascaSarjana;1;Wiraswasta;6;> 30jt;4;10jt s.d. <20jt;Tanah;0;Tidak;1;Ya;"Rp132.000.000,00";"Rp18.000.000,00";18;0;ya
Pembeli 370;L;Ya;0;3;SMA;2;PNS;4;10jt s.d. <20jt;2;1jt s.d. <5jt;Tanah;0;Tidak;1;Ya;"Rp130.000.000,00";"Rp28.000.000,00";18;2;ya
Pembeli 371;P;Tidak;0;1;SD;5;Buruh Lepas;1;< 1jt;0;0;Tanah;0;Tidak;1;Ya;"Rp131.000.000,00";"Rp31.000.000,00";18;2+;tidak
Pembeli 372;L;Ya;2;4;Sarjana;5;Buruh Lepas;1;< 1jt;0;0;Tanah;1;Ya;1;Ya;"Rp101.000.000,00";"Rp42.000.000,00";18;1;tidak
Pembeli 373;L;Ya;2;5;PascaSarjana;2;PNS;4;10jt s.d. <20jt;2;1jt s.d. <5jt;Tanah;1;Ya;1;Ya;"Rp142.000.000,00";"Rp28.000.000,00";18;1;ya
Pembeli 374;L;Tidak;1;3;SMA;2;PNS;3;5jt s.d. <10jt;2;1jt s.d. <5jt;Rumah;0;Tidak;1;Ya;"Rp250.000.000,00";"Rp80.000.000,00";12;0;ya
Pembeli 375;P;Tidak;0;2;SMP;2;PNS;3;5jt s.d. <10jt;1;< 1jt;Rumah;1;Ya;1;Ya;"Rp186.000.000,00";"Rp86.000.000,00";18;0;ya
Pembeli 376;L;Ya;0;3;SMA;1;Wiraswasta;4;10jt s.d. <20jt;3;5jt s.d. <10jt;Rumah;0;Tidak;1;Ya;"Rp199.000.000,00";"Rp54.000.000,00";12;2;ya
Pembeli 377;L;Ya;3+;1;SD;3;POLRI-TNI;2;1jt s.d. <5jt;3;5jt s.d. <10jt;Tanah;1;Ya;1;Ya;"Rp119.000.000,00";"Rp30.000.000,00";18;2+;tidak
Pembeli 378;L;Ya;0;5;PascaSarjana;3;POLRI-TNI;4;10jt s.d. <20jt;3;5jt s.d. <10jt;Tanah;1;Ya;1;Ya;"Rp130.000.000,00";"Rp22.000.000,00";18;0;ya
Pembeli 379;L;Tidak;0;2;SMP;4;Pegawai Swasta;3;5jt s.d. <10jt;1;< 1jt;Rumah;0;Tidak;1;Ya;"Rp239.000.000,00";"Rp75.000.000,00";24;2;ya
Pembeli 380;L;Ya;2;4;Sarjana;4;Pegawai Swasta;3;5jt s.d. <10jt;1;< 1jt;Rumah;0;Tidak;1;Ya;"Rp189.000.000,00";"Rp95.000.000,00";18;2;ya
Pembeli 381;L;Ya;0;2;SMP;4;Pegawai Swasta;3;5jt s.d. <10jt;2;1jt s.d. <5jt;Tanah;1;Ya;1;Ya;"Rp125.000.000,00";"Rp42.000.000,00";18;2+;ya
Pembeli 382;L;Tidak;0;2;SMP;4;Pegawai Swasta;3;5jt s.d. <10jt;2;1jt s.d. <5jt;Tanah;0;Tidak;1;Ya;"Rp122.000.000,00";"Rp25.000.000,00";18;0;ya
Pembeli 383;P;Tidak;0;4;Sarjana;2;PNS;4;10jt s.d. <20jt;1;< 1jt;Rumah;1;Ya;1;Ya;"Rp213.000.000,00";"Rp93.000.000,00";18;2+;ya
Pembeli 384;L;Tidak;0;5;PascaSarjana;4;Pegawai Swasta;3;5jt s.d. <10jt;1;< 1jt;Rumah;1;Ya;1;Ya;"Rp199.000.000,00";"Rp55.000.000,00";18;2;ya
Pembeli 385;L;Ya;2;4;Sarjana;4;Pegawai Swasta;2;1jt s.d. <5jt;1;< 1jt;Rumah;0;Tidak;1;Ya;"Rp184.000.000,00";"Rp94.000.000,00";18;1;tidak
Pembeli 386;L;Tidak;1;4;Sarjana;1;Wiraswasta;4;10jt s.d. <20jt;2;1jt s.d. <5jt;Rumah;1;Ya;1;Ya;"Rp221.000.000,00";"Rp82.000.000,00";12;2;ya
Pembeli 387;L;Tidak;0;1;SD;3;POLRI-TNI;2;1jt s.d. <5jt;2;1jt s.d. <5jt;Tanah;1;Ya;1;Ya;"Rp132.000.000,00";"Rp47.000.000,00";18;0;tidak
Pembeli 388;L;Ya;0;1;SD;5;Buruh Lepas;1;< 1jt;0;0;Rumah;0;Tidak;1;Ya;"Rp220.000.000,00";"Rp64.000.000,00";18;2;tidak
Pembeli 389;L;Ya;0;2;SMP;5;Buruh Lepas;1;< 1jt;0;0;Rumah;0;Tidak;1;Ya;"Rp221.000.000,00";"Rp75.000.000,00";18;2;tidak
Pembeli 390;L;Ya;0;3;SMA;2;PNS;4;10jt s.d. <20jt;2;1jt s.d. <5jt;Tanah;0;Tidak;1;Ya;"Rp113.000.000,00";"Rp31.000.000,00";18;1;ya
Pembeli 391;L;Tidak;3+;2;SMP;5;Buruh Lepas;1;< 1jt;0;0;Tanah;0;Tidak;1;Ya;"Rp127.000.000,00";"Rp17.000.000,00";18;0;tidak
Pembeli 392;L;Ya;3+;1;SD;4;Pegawai Swasta;3;5jt s.d. <10jt;2;1jt s.d. <5jt;Tanah;0;Tidak;1;Ya;"Rp103.000.000,00";"Rp39.000.000,00";18;1;ya
Pembeli 393;L;Ya;0;4;Sarjana;5;Buruh Lepas;1;< 1jt;0;0;Rumah;1;Ya;1;Ya;"Rp212.000.000,00";"Rp84.000.000,00";18;1;tidak
Pembeli 394;L;Ya;2;4;Sarjana;5;Buruh Lepas;1;< 1jt;0;0;Tanah;0;Tidak;1;Ya;"Rp110.000.000,00";"Rp24.000.000,00";12;0;tidak
Pembeli 395;L;Ya;2;4;Sarjana;1;Wiraswasta;6;> 30jt;3;5jt s.d. <10jt;Rumah;0;Tidak;1;Ya;"Rp245.000.000,00";"Rp95.000.000,00";18;2+;ya
Pembeli 396;L;Ya;2;1;SD;4;Pegawai Swasta;2;1jt s.d. <5jt;2;1jt s.d. <5jt;Tanah;0;Tidak;1;Ya;"Rp141.000.000,00";"Rp40.000.000,00";18;0;tidak
Pembeli 397;P;Tidak;0;5;PascaSarjana;4;Pegawai Swasta;3;5jt s.d. <10jt;1;< 1jt;Rumah;0;Tidak;1;Ya;"Rp192.000.000,00";"Rp93.000.000,00";18;2;ya
Pembeli 398;L;Ya;0;2;SMP;3;POLRI-TNI;3;5jt s.d. <10jt;1;< 1jt;Rumah;0;Tidak;1;Ya;"Rp187.000.000,00";"Rp60.000.000,00";18;0;ya
Pembeli 399;L;Tidak;0;4;Sarjana;3;POLRI-TNI;2;1jt s.d. <5jt;1;< 1jt;Tanah;1;Ya;1;Ya;"Rp117.000.000,00";"Rp22.000.000,00";18;1;tidak
Pembeli 400;P;Tidak;0;5;PascaSarjana;2;PNS;3;5jt s.d. <10jt;2;1jt s.d. <5jt;Tanah;1;Ya;1;Ya;"Rp150.000.000,00";"Rp33.000.000,00";18;1;ya
Pembeli 401;L;Ya;2;4;Sarjana;3;POLRI-TNI;3;5jt s.d. <10jt;2;1jt s.d. <5jt;Rumah;1;Ya;1;Ya;"Rp217.000.000,00";"Rp91.000.000,00";12;2;ya
Pembeli 402;L;Tidak;0;4;Sarjana;4;Pegawai Swasta;3;5jt s.d. <10jt;1;< 1jt;Tanah;0;Tidak;1;Ya;"Rp100.000.000,00";"Rp17.000.000,00";18;1;ya
Pembeli 403;L;Tidak;0;1;SD;3;POLRI-TNI;4;10jt s.d. <20jt;1;< 1jt;Tanah;1;Ya;1;Ya;"Rp105.000.000,00";"Rp46.000.000,00";18;2+;ya
Pembeli 404;P;Tidak;0;4;Sarjana;4;Pegawai Swasta;3;5jt s.d. <10jt;2;1jt s.d. <5jt;Tanah;0;Tidak;1;Ya;"Rp119.000.000,00";"Rp35.000.000,00";18;0;ya
Pembeli 405;P;Tidak;0;1;SD;4;Pegawai Swasta;2;1jt s.d. <5jt;1;< 1jt;Tanah;1;Ya;1;Ya;"Rp114.000.000,00";"Rp27.000.000,00";18;0;tidak
Pembeli 406;P;Tidak;0;2;SMP;1;Wiraswasta;6;> 30jt;3;5jt s.d. <10jt;Tanah;1;Ya;1;Ya;"Rp141.000.000,00";"Rp38.000.000,00";18;2;ya
Pembeli 407;L;Ya;0;3;SMA;4;Pegawai Swasta;2;1jt s.d. <5jt;1;< 1jt;Rumah;0;Tidak;1;Ya;"Rp191.000.000,00";"Rp85.000.000,00";18;1;tidak
Pembeli 408;P;Tidak;0;1;SD;3;POLRI-TNI;2;1jt s.d. <5jt;3;5jt s.d. <10jt;Tanah;0;Tidak;1;Ya;"Rp141.000.000,00";"Rp23.000.000,00";18;2+;tidak
Pembeli 409;L;Ya;1;2;SMP;4;Pegawai Swasta;2;1jt s.d. <5jt;1;< 1jt;Tanah;0;Tidak;1;Ya;"Rp141.000.000,00";"Rp33.000.000,00";18;2;tidak
Pembeli 410;L;Ya;3+;5;PascaSarjana;4;Pegawai Swasta;3;5jt s.d. <10jt;1;< 1jt;Tanah;0;Tidak;1;Ya;"Rp129.000.000,00";"Rp18.000.000,00";18;2;ya
Pembeli 411;P;Tidak;1;5;PascaSarjana;1;Wiraswasta;5;20jt s.d. <30jt;2;1jt s.d. <5jt;Tanah;1;Ya;1;Ya;"Rp123.000.000,00";"Rp49.000.000,00";18;0;ya
Pembeli 412;L;Ya;0;2;SMP;2;PNS;3;5jt s.d. <10jt;2;1jt s.d. <5jt;Rumah;0;Tidak;1;Ya;"Rp204.000.000,00";"Rp95.000.000,00";18;2;ya
Pembeli 413;L;Ya;0;3;SMA;5;Buruh Lepas;1;< 1jt;0;0;Tanah;0;Tidak;1;Ya;"Rp124.000.000,00";"Rp43.000.000,00";18;0;tidak
Pembeli 414;L;Ya;0;5;PascaSarjana;4;Pegawai Swasta;2;1jt s.d. <5jt;1;< 1jt;Tanah;1;Ya;1;Ya;"Rp135.000.000,00";"Rp26.000.000,00";18;0;tidak
Pembeli 415;P;Ya;0;5;PascaSarjana;4;Pegawai Swasta;3;5jt s.d. <10jt;2;1jt s.d. <5jt;Tanah;1;Ya;1;Ya;"Rp117.000.000,00";"Rp14.000.000,00";18;1;ya
Pembeli 416;P;Tidak;0;4;Sarjana;3;POLRI-TNI;4;10jt s.d. <20jt;1;< 1jt;Rumah;1;Ya;1;Ya;"Rp181.000.000,00";"Rp64.000.000,00";18;1;ya
Pembeli 417;P;Tidak;1;5;PascaSarjana;5;Buruh Lepas;1;< 1jt;0;0;Rumah;0;Tidak;1;Ya;"Rp187.000.000,00";"Rp86.000.000,00";18;1;tidak
Pembeli 418;L;Ya;2;2;SMP;5;Buruh Lepas;1;< 1jt;0;0;Rumah;0;Tidak;1;Ya;"Rp227.000.000,00";"Rp75.000.000,00";18;1;tidak
Pembeli 419;L;Ya;0;3;SMA;1;Wiraswasta;6;> 30jt;3;5jt s.d. <10jt;Tanah;0;Tidak;1;Ya;"Rp123.000.000,00";"Rp43.000.000,00";18;2+;ya
Pembeli 420;L;Ya;0;2;SMP;3;POLRI-TNI;3;5jt s.d. <10jt;3;5jt s.d. <10jt;Tanah;1;Ya;1;Ya;"Rp143.000.000,00";"Rp27.000.000,00";18;2+;ya
Pembeli 421;L;Ya;0;1;SD;3;POLRI-TNI;4;10jt s.d. <20jt;2;1jt s.d. <5jt;Tanah;1;Ya;1;Ya;"Rp122.000.000,00";"Rp15.000.000,00";18;1;ya
Pembeli 422;P;Tidak;0;4;Sarjana;2;PNS;2;1jt s.d. <5jt;1;< 1jt;Rumah;1;Ya;1;Ya;"Rp226.000.000,00";"Rp72.000.000,00";12;1;tidak
Pembeli 423;L;Ya;0;3;SMA;2;PNS;3;5jt s.d. <10jt;2;1jt s.d. <5jt;Rumah;0;Tidak;1;Ya;"Rp212.000.000,00";"Rp93.000.000,00";18;2;ya
Pembeli 424;L;Ya;1;5;PascaSarjana;3;POLRI-TNI;2;1jt s.d. <5jt;1;< 1jt;Rumah;1;Ya;1;Ya;"Rp225.000.000,00";"Rp62.000.000,00";12;1;tidak
Pembeli 425;L;Ya;0;2;SMP;4;Pegawai Swasta;2;1jt s.d. <5jt;1;< 1jt;Tanah;0;Tidak;1;Ya;"Rp122.000.000,00";"Rp15.000.000,00";18;0;tidak
Pembeli 426;L;Ya;0;1;SD;3;POLRI-TNI;2;1jt s.d. <5jt;1;< 1jt;Tanah;1;Ya;1;Ya;"Rp149.000.000,00";"Rp25.000.000,00";18;1;tidak
Pembeli 427;P;Tidak;1;4;Sarjana;2;PNS;2;1jt s.d. <5jt;1;< 1jt;Tanah;1;Ya;1;Ya;"Rp138.000.000,00";"Rp19.000.000,00";18;0;tidak
Pembeli 428;L;Ya;2;4;Sarjana;1;Wiraswasta;5;20jt s.d. <30jt;2;1jt s.d. <5jt;Tanah;1;Ya;1;Ya;"Rp112.000.000,00";"Rp50.000.000,00";18;0;ya
Pembeli 429;L;Ya;0;1;SD;4;Pegawai Swasta;3;5jt s.d. <10jt;1;< 1jt;Tanah;1;Ya;1;Ya;"Rp142.000.000,00";"Rp20.000.000,00";18;2;ya
Pembeli 430;L;Tidak;0;2;SMP;5;Buruh Lepas;1;< 1jt;0;0;Rumah;0;Tidak;1;Ya;"Rp184.000.000,00";"Rp74.000.000,00";12;1;tidak
Pembeli 431;P;Tidak;1;5;PascaSarjana;2;PNS;2;1jt s.d. <5jt;3;5jt s.d. <10jt;Tanah;0;Tidak;1;Ya;"Rp128.000.000,00";"Rp14.000.000,00";18;0;tidak
Pembeli 432;L;Tidak;0;2;SMP;5;Buruh Lepas;1;< 1jt;0;0;Tanah;0;Tidak;1;Ya;"Rp102.000.000,00";"Rp29.000.000,00";18;2+;tidak
Pembeli 433;L;Tidak;0;1;SD;3;POLRI-TNI;2;1jt s.d. <5jt;2;1jt s.d. <5jt;Tanah;1;Ya;1;Ya;"Rp110.000.000,00";"Rp16.000.000,00";18;2+;tidak
Pembeli 434;L;Ya;0;2;SMP;1;Wiraswasta;5;20jt s.d. <30jt;4;10jt s.d. <20jt;Tanah;0;Tidak;1;Ya;"Rp133.000.000,00";"Rp14.000.000,00";18;2+;ya
Pembeli 435;L;Tidak;0;5;PascaSarjana;1;Wiraswasta;5;20jt s.d. <30jt;2;1jt s.d. <5jt;Rumah;0;Tidak;1;Ya;"Rp204.000.000,00";"Rp53.000.000,00";18;2+;ya
Pembeli 436;P;;;1;SD;5;Buruh Lepas;1;< 1jt;0;0;Tanah;1;Ya;1;Ya;"Rp126.000.000,00";"Rp43.000.000,00";12;2;tidak
Pembeli 437;L;Tidak;0;1;SD;5;Buruh Lepas;1;< 1jt;0;0;Tanah;0;Tidak;1;Ya;"Rp103.000.000,00";"Rp13.000.000,00";18;2;tidak
Pembeli 438;L;Ya;0;1;SD;2;PNS;3;5jt s.d. <10jt;1;< 1jt;Rumah;1;Ya;1;Ya;"Rp236.000.000,00";"Rp52.000.000,00";18;0;ya
Pembeli 439;L;Tidak;0;5;PascaSarjana;5;Buruh Lepas;1;< 1jt;0;0;Rumah;1;Ya;1;Ya;"Rp205.000.000,00";"Rp87.000.000,00";18;1;tidak
Pembeli 440;P;Ya;0;3;SMA;2;PNS;3;5jt s.d. <10jt;2;1jt s.d. <5jt;Tanah;1;Ya;1;Ya;"Rp103.000.000,00";"Rp27.000.000,00";18;2;ya
Pembeli 441;L;Tidak;0;1;SD;4;Pegawai Swasta;3;5jt s.d. <10jt;1;< 1jt;Tanah;1;Ya;1;Ya;"Rp147.000.000,00";"Rp50.000.000,00";18;2+;ya
Pembeli 442;L;Ya;0;3;SMA;2;PNS;4;10jt s.d. <20jt;2;1jt s.d. <5jt;Tanah;1;Ya;1;Ya;"Rp142.000.000,00";"Rp32.000.000,00";18;1;ya
Pembeli 443;L;Tidak;3+;3;SMA;5;Buruh Lepas;1;< 1jt;0;0;Tanah;0;Tidak;1;Ya;"Rp124.000.000,00";"Rp44.000.000,00";18;2;tidak
Pembeli 444;L;Tidak;1;2;SMP;5;Buruh Lepas;1;< 1jt;0;0;Tanah;1;Ya;1;Ya;"Rp124.000.000,00";"Rp29.000.000,00";18;0;tidak
Pembeli 445;L;Ya;0;4;Sarjana;4;Pegawai Swasta;2;1jt s.d. <5jt;2;1jt s.d. <5jt;Tanah;1;Ya;1;Ya;"Rp104.000.000,00";"Rp39.000.000,00";18;0;tidak
Pembeli 446;L;Ya;1;3;SMA;4;Pegawai Swasta;3;5jt s.d. <10jt;2;1jt s.d. <5jt;Tanah;1;Ya;1;Ya;"Rp121.000.000,00";"Rp21.000.000,00";18;1;ya
Pembeli 447;L;Ya;2;3;SMA;4;Pegawai Swasta;3;5jt s.d. <10jt;2;1jt s.d. <5jt;Tanah;0;Tidak;1;Ya;"Rp136.000.000,00";"Rp24.000.000,00";18;1;ya
Pembeli 448;L;Ya;0;5;PascaSarjana;1;Wiraswasta;3;5jt s.d. <10jt;4;10jt s.d. <20jt;Tanah;0;Tidak;1;Ya;"Rp104.000.000,00";"Rp17.000.000,00";18;2;ya
Pembeli 449;L;Ya;2;5;PascaSarjana;5;Buruh Lepas;1;< 1jt;0;0;Tanah;0;Tidak;1;Ya;"Rp150.000.000,00";"Rp45.000.000,00";18;1;tidak
Pembeli 450;L;Tidak;1;4;Sarjana;3;POLRI-TNI;2;1jt s.d. <5jt;3;5jt s.d. <10jt;Tanah;0;Tidak;1;Ya;"Rp143.000.000,00";"Rp25.000.000,00";18;0;ya
Pembeli 451;L;Ya;2;4;Sarjana;2;PNS;2;1jt s.d. <5jt;2;1jt s.d. <5jt;Tanah;1;Ya;1;Ya;"Rp150.000.000,00";"Rp18.000.000,00";18;2+;ya
Pembeli 452;L;Ya;2;3;SMA;2;PNS;2;1jt s.d. <5jt;3;5jt s.d. <10jt;Rumah;0;Tidak;1;Ya;"Rp232.000.000,00";"Rp87.000.000,00";18;0;ya
Pembeli 453;L;Ya;0;4;Sarjana;2;PNS;3;5jt s.d. <10jt;3;5jt s.d. <10jt;Tanah;1;Ya;1;Ya;"Rp101.000.000,00";"Rp50.000.000,00";18;1;ya
Pembeli 454;L;Ya;0;4;Sarjana;2;PNS;4;10jt s.d. <20jt;1;< 1jt;Tanah;0;Tidak;1;Ya;"Rp139.000.000,00";"Rp41.000.000,00";12;2;ya
Pembeli 455;L;Tidak;0;1;SD;4;Pegawai Swasta;3;5jt s.d. <10jt;1;< 1jt;Tanah;0;Tidak;1;Ya;"Rp138.000.000,00";"Rp22.000.000,00";18;0;ya
Pembeli 456;L;Ya;2;2;SMP;2;PNS;2;1jt s.d. <5jt;1;< 1jt;Tanah;1;Ya;1;Ya;"Rp121.000.000,00";"Rp32.000.000,00";18;1;tidak
Pembeli 457;L;Ya;0;3;SMA;3;POLRI-TNI;2;1jt s.d. <5jt;3;5jt s.d. <10jt;Rumah;1;Ya;1;Ya;"Rp186.000.000,00";"Rp71.000.000,00";18;2+;tidak
Pembeli 458;L;Ya;0;3;SMA;3;POLRI-TNI;3;5jt s.d. <10jt;3;5jt s.d. <10jt;Rumah;0;Tidak;1;Ya;"Rp225.000.000,00";"Rp80.000.000,00";18;2+;ya
Pembeli 459;L;Tidak;2;5;PascaSarjana;2;PNS;4;10jt s.d. <20jt;3;5jt s.d. <10jt;Tanah;1;Ya;1;Ya;"Rp119.000.000,00";"Rp34.000.000,00";18;2;ya
Pembeli 460;L;Ya;0;2;SMP;3;POLRI-TNI;2;1jt s.d. <5jt;3;5jt s.d. <10jt;Tanah;0;Tidak;1;Ya;"Rp112.000.000,00";"Rp37.000.000,00";18;2+;tidak
Pembeli 461;;Ya;0;4;Sarjana;3;POLRI-TNI;4;10jt s.d. <20jt;3;5jt s.d. <10jt;Tanah;0;Tidak;1;Ya;"Rp115.000.000,00";"Rp41.000.000,00";18;0;ya
Pembeli 462;L;Ya;3+;1;SD;2;PNS;4;10jt s.d. <20jt;1;< 1jt;Rumah;1;Ya;1;Ya;"Rp191.000.000,00";"Rp66.000.000,00";12;2;ya
Pembeli 463;L;Ya;0;1;SD;1;Wiraswasta;3;5jt s.d. <10jt;2;1jt s.d. <5jt;Tanah;1;Ya;1;Ya;"Rp121.000.000,00";"Rp11.000.000,00";18;0;ya
Pembeli 464;P;Tidak;1;3;SMA;1;Wiraswasta;4;10jt s.d. <20jt;4;10jt s.d. <20jt;Tanah;1;Ya;1;Ya;"Rp137.000.000,00";"Rp47.000.000,00";18;2;ya
Pembeli 465;L;Tidak;0;3;SMA;1;Wiraswasta;6;> 30jt;3;5jt s.d. <10jt;Tanah;1;Ya;1;Ya;"Rp133.000.000,00";"Rp32.000.000,00";18;0;ya
Pembeli 466;L;Tidak;0;4;Sarjana;5;Buruh Lepas;1;< 1jt;0;0;Tanah;1;Ya;1;Ya;"Rp143.000.000,00";"Rp48.000.000,00";18;1;tidak
Pembeli 467;L;Ya;3+;2;SMP;5;Buruh Lepas;1;< 1jt;0;0;Rumah;0;Tidak;1;Ya;"Rp238.000.000,00";"Rp60.000.000,00";12;2;tidak
Pembeli 468;;Ya;0;4;Sarjana;3;POLRI-TNI;3;5jt s.d. <10jt;2;1jt s.d. <5jt;Tanah;0;Tidak;1;Ya;"Rp112.000.000,00";"Rp42.000.000,00";18;1;ya
Pembeli 469;P;Ya;2;1;SD;4;Pegawai Swasta;3;5jt s.d. <10jt;2;1jt s.d. <5jt;Tanah;0;Tidak;1;Ya;"Rp141.000.000,00";"Rp22.000.000,00";18;2+;ya
Pembeli 470;L;Ya;0;3;SMA;5;Buruh Lepas;1;< 1jt;0;0;Rumah;0;Tidak;1;Ya;"Rp193.000.000,00";"Rp71.000.000,00";18;2;tidak
Pembeli 471;L;Ya;1;2;SMP;2;PNS;2;1jt s.d. <5jt;3;5jt s.d. <10jt;Tanah;1;Ya;1;Ya;"Rp115.000.000,00";"Rp48.000.000,00";18;2;tidak
Pembeli 472;L;Ya;1;3;SMA;3;POLRI-TNI;2;1jt s.d. <5jt;3;5jt s.d. <10jt;Tanah;1;Ya;1;Ya;"Rp126.000.000,00";"Rp20.000.000,00";12;1;tidak
Pembeli 473;L;Ya;3+;5;PascaSarjana;1;Wiraswasta;4;10jt s.d. <20jt;3;5jt s.d. <10jt;Tanah;1;Ya;1;Ya;"Rp112.000.000,00";"Rp25.000.000,00";18;2+;ya
Pembeli 474;P;Tidak;0;3;SMA;5;Buruh Lepas;1;< 1jt;0;0;Rumah;0;Tidak;1;Ya;"Rp211.000.000,00";"Rp77.000.000,00";18;2+;tidak
Pembeli 475;L;Tidak;2;4;Sarjana;2;PNS;3;5jt s.d. <10jt;3;5jt s.d. <10jt;Tanah;0;Tidak;1;Ya;"Rp133.000.000,00";"Rp10.000.000,00";18;2;ya
Pembeli 476;L;Ya;2;4;Sarjana;3;POLRI-TNI;3;5jt s.d. <10jt;2;1jt s.d. <5jt;Tanah;0;Tidak;1;Ya;"Rp137.000.000,00";"Rp18.000.000,00";18;2;ya
Pembeli 477;L;Ya;2;1;SD;2;PNS;3;5jt s.d. <10jt;3;5jt s.d. <10jt;Tanah;1;Ya;1;Ya;"Rp150.000.000,00";"Rp12.000.000,00";18;1;ya
Pembeli 478;;Ya;2;4;Sarjana;5;Buruh Lepas;1;< 1jt;0;0;Tanah;0;Tidak;1;Ya;"Rp137.000.000,00";"Rp47.000.000,00";18;2;tidak
Pembeli 479;L;Ya;1;3;SMA;3;POLRI-TNI;4;10jt s.d. <20jt;2;1jt s.d. <5jt;Tanah;1;Ya;1;Ya;"Rp101.000.000,00";"Rp32.000.000,00";18;2+;ya
Pembeli 480;L;Ya;2;2;SMP;4;Pegawai Swasta;3;5jt s.d. <10jt;2;1jt s.d. <5jt;Rumah;1;Ya;1;Ya;"Rp243.000.000,00";"Rp85.000.000,00";18;0;ya
Pembeli 481;P;Tidak;0;2;SMP;4;Pegawai Swasta;3;5jt s.d. <10jt;2;1jt s.d. <5jt;Tanah;0;Tidak;1;Ya;"Rp129.000.000,00";"Rp50.000.000,00";18;2;ya
Pembeli 482;L;Ya;3+;2;SMP;5;Buruh Lepas;1;< 1jt;0;0;Tanah;0;Tidak;1;Ya;"Rp139.000.000,00";"Rp18.000.000,00";18;0;tidak
Pembeli 483;L;Ya;0;4;Sarjana;1;Wiraswasta;4;10jt s.d. <20jt;3;5jt s.d. <10jt;Tanah;1;Ya;1;Ya;"Rp112.000.000,00";"Rp30.000.000,00";18;1;ya
Pembeli 484;L;Ya;0;4;Sarjana;3;POLRI-TNI;3;5jt s.d. <10jt;1;< 1jt;Tanah;1;Ya;1;Ya;"Rp141.000.000,00";"Rp35.000.000,00";18;2;ya
Pembeli 485;L;Ya;2;2;SMP;1;Wiraswasta;6;> 30jt;2;1jt s.d. <5jt;Tanah;1;Ya;1;Ya;"Rp150.000.000,00";"Rp13.000.000,00";18;2+;ya
Pembeli 486;L;Ya;1;2;SMP;2;PNS;3;5jt s.d. <10jt;3;5jt s.d. <10jt;Tanah;1;Ya;1;Ya;"Rp135.000.000,00";"Rp18.000.000,00";18;2+;ya
Pembeli 487;L;Tidak;2;2;SMP;5;Buruh Lepas;1;< 1jt;0;0;Tanah;1;Ya;1;Ya;"Rp134.000.000,00";"Rp12.000.000,00";18;0;tidak
Pembeli 488;L;Ya;1;2;SMP;3;POLRI-TNI;4;10jt s.d. <20jt;2;1jt s.d. <5jt;Rumah;1;Ya;1;Ya;"Rp187.000.000,00";"Rp68.000.000,00";18;2;ya
Pembeli 489;L;Ya;2;3;SMA;4;Pegawai Swasta;3;5jt s.d. <10jt;1;< 1jt;Tanah;1;Ya;1;Ya;"Rp100.000.000,00";"Rp40.000.000,00";18;2+;ya
Pembeli 490;L;Tidak;0;2;SMP;5;Buruh Lepas;1;< 1jt;0;0;Rumah;1;Ya;1;Ya;"Rp224.000.000,00";"Rp86.000.000,00";18;2+;tidak
Pembeli 491;L;Tidak;0;5;PascaSarjana;5;Buruh Lepas;1;< 1jt;0;0;Tanah;0;Tidak;1;Ya;"Rp122.000.000,00";"Rp10.000.000,00";18;2+;tidak
Pembeli 492;L;Ya;1;2;SMP;5;Buruh Lepas;1;< 1jt;0;0;Rumah;0;Tidak;1;Ya;"Rp209.000.000,00";"Rp71.000.000,00";18;0;tidak
Pembeli 493;L;Tidak;0;1;SD;1;Wiraswasta;5;20jt s.d. <30jt;3;5jt s.d. <10jt;Tanah;1;Ya;1;Ya;"Rp119.000.000,00";"Rp49.000.000,00";18;2;ya
Pembeli 494;P;Tidak;0;5;PascaSarjana;2;PNS;2;1jt s.d. <5jt;1;< 1jt;Tanah;0;Tidak;1;Ya;"Rp123.000.000,00";"Rp43.000.000,00";18;2+;tidak
Pembeli 495;L;Ya;0;4;Sarjana;5;Buruh Lepas;1;< 1jt;0;0;Tanah;1;Ya;1;Ya;"Rp147.000.000,00";"Rp12.000.000,00";18;1;tidak
Pembeli 496;P;Ya;1;1;SD;2;PNS;3;5jt s.d. <10jt;1;< 1jt;Tanah;0;Tidak;1;Ya;"Rp133.000.000,00";"Rp21.000.000,00";12;2+;ya
Pembeli 497;L;Ya;0;1;SD;4;Pegawai Swasta;2;1jt s.d. <5jt;2;1jt s.d. <5jt;Tanah;0;Tidak;1;Ya;"Rp113.000.000,00";"Rp41.000.000,00";18;1;tidak
Pembeli 498;L;Ya;0;3;SMA;5;Buruh Lepas;1;< 1jt;0;0;Rumah;0;Tidak;1;Ya;"Rp213.000.000,00";"Rp73.000.000,00";12;2;tidak
Pembeli 499;L;Ya;1;1;SD;5;Buruh Lepas;1;< 1jt;0;0;Tanah;0;Tidak;1;Ya;"Rp130.000.000,00";"Rp19.000.000,00";18;1;tidak
Pembeli 500;L;Tidak;0;4;Sarjana;2;PNS;3;5jt s.d. <10jt;3;5jt s.d. <10jt;Tanah;1;Ya;1;Ya;"Rp130.000.000,00";"Rp22.000.000,00";18;1;ya
Pembeli 501;P;Tidak;0;1;SD;2;PNS;4;10jt s.d. <20jt;1;< 1jt;Tanah;1;Ya;1;Ya;"Rp143.000.000,00";"Rp34.000.000,00";24;0;ya
Pembeli 502;P;Tidak;0;2;SMP;5;Buruh Lepas;1;< 1jt;0;0;Tanah;0;Tidak;1;Ya;"Rp107.000.000,00";"Rp22.000.000,00";18;1;tidak
Pembeli 503;L;Ya;2;4;Sarjana;3;POLRI-TNI;4;10jt s.d. <20jt;3;5jt s.d. <10jt;Tanah;1;Ya;1;Ya;"Rp143.000.000,00";"Rp12.000.000,00";18;2;ya
Pembeli 504;L;Ya;1;2;SMP;2;PNS;4;10jt s.d. <20jt;3;5jt s.d. <10jt;Tanah;0;Tidak;1;Ya;"Rp139.000.000,00";"Rp16.000.000,00";18;2;ya
Pembeli 505;L;Ya;0;3;SMA;4;Pegawai Swasta;3;5jt s.d. <10jt;2;1jt s.d. <5jt;Tanah;1;Ya;1;Ya;"Rp150.000.000,00";"Rp34.000.000,00";18;2;ya
Pembeli 506;L;Ya;2;1;SD;2;PNS;2;1jt s.d. <5jt;2;1jt s.d. <5jt;Tanah;1;Ya;1;Ya;"Rp108.000.000,00";"Rp47.000.000,00";18;2+;tidak
Pembeli 507;L;Ya;0;1;SD;2;PNS;3;5jt s.d. <10jt;3;5jt s.d. <10jt;Rumah;1;Ya;1;Ya;"Rp190.000.000,00";"Rp68.000.000,00";18;0;ya
Pembeli 508;;Tidak;0;3;SMA;2;PNS;3;5jt s.d. <10jt;3;5jt s.d. <10jt;Rumah;1;Ya;1;Ya;"Rp188.000.000,00";"Rp54.000.000,00";18;0;ya
Pembeli 509;L;Ya;0;4;Sarjana;4;Pegawai Swasta;2;1jt s.d. <5jt;2;1jt s.d. <5jt;Rumah;1;Ya;1;Ya;"Rp188.000.000,00";"Rp71.000.000,00";18;2;tidak
Pembeli 510;P;Tidak;1;1;SD;1;Wiraswasta;5;20jt s.d. <30jt;4;10jt s.d. <20jt;Rumah;1;Ya;1;Ya;"Rp211.000.000,00";"Rp93.000.000,00";18;0;ya
Pembeli 511;L;Tidak;0;2;SMP;5;Buruh Lepas;1;< 1jt;0;0;Tanah;0;Tidak;1;Ya;"Rp125.000.000,00";"Rp30.000.000,00";18;2+;tidak
Pembeli 512;L;Ya;1;5;PascaSarjana;2;PNS;3;5jt s.d. <10jt;2;1jt s.d. <5jt;Tanah;0;Tidak;1;Ya;"Rp139.000.000,00";"Rp47.000.000,00";18;1;ya
Pembeli 513;L;Ya;2;1;SD;3;POLRI-TNI;3;5jt s.d. <10jt;3;5jt s.d. <10jt;Rumah;0;Tidak;1;Ya;"Rp205.000.000,00";"Rp62.000.000,00";18;0;ya
Pembeli 514;L;Ya;0;4;Sarjana;3;POLRI-TNI;2;1jt s.d. <5jt;1;< 1jt;Tanah;0;Tidak;1;Ya;"Rp129.000.000,00";"Rp11.000.000,00";12;0;tidak
Pembeli 515;L;Tidak;0;4;Sarjana;4;Pegawai Swasta;2;1jt s.d. <5jt;1;< 1jt;Tanah;0;Tidak;1;Ya;"Rp111.000.000,00";"Rp26.000.000,00";18;1;tidak
Pembeli 516;L;Ya;3+;5;PascaSarjana;5;Buruh Lepas;1;< 1jt;0;0;Tanah;0;Tidak;1;Ya;"Rp143.000.000,00";"Rp36.000.000,00";18;2;tidak
Pembeli 517;P;Ya;2;4;Sarjana;5;Buruh Lepas;1;< 1jt;0;0;Tanah;0;Tidak;1;Ya;"Rp140.000.000,00";"Rp18.000.000,00";24;0;tidak
Pembeli 518;L;Ya;;5;PascaSarjana;5;Buruh Lepas;1;< 1jt;0;0;Tanah;1;Ya;1;Ya;"Rp104.000.000,00";"Rp40.000.000,00";18;0;tidak
Pembeli 519;L;Tidak;0;5;PascaSarjana;3;POLRI-TNI;2;1jt s.d. <5jt;1;< 1jt;Tanah;0;Tidak;1;Ya;"Rp100.000.000,00";"Rp14.000.000,00";18;2+;tidak
Pembeli 520;P;Tidak;0;5;PascaSarjana;4;Pegawai Swasta;3;5jt s.d. <10jt;1;< 1jt;Tanah;1;Ya;1;Ya;"Rp127.000.000,00";"Rp36.000.000,00";18;0;ya
Pembeli 521;L;Ya;2;1;SD;1;Wiraswasta;6;> 30jt;4;10jt s.d. <20jt;Tanah;1;Ya;1;Ya;"Rp136.000.000,00";"Rp11.000.000,00";18;2+;ya
Pembeli 522;L;Tidak;0;3;SMA;1;Wiraswasta;3;5jt s.d. <10jt;2;1jt s.d. <5jt;Tanah;1;Ya;1;Ya;"Rp105.000.000,00";"Rp39.000.000,00";18;2+;ya
Pembeli 523;L;Ya;3+;2;SMP;4;Pegawai Swasta;2;1jt s.d. <5jt;2;1jt s.d. <5jt;Tanah;0;Tidak;1;Ya;"Rp136.000.000,00";"Rp50.000.000,00";18;2;tidak
Pembeli 524;L;Ya;2;3;SMA;3;POLRI-TNI;3;5jt s.d. <10jt;1;< 1jt;Tanah;0;Tidak;1;Ya;"Rp139.000.000,00";"Rp20.000.000,00";18;1;ya
Pembeli 525;L;Tidak;0;3;SMA;3;POLRI-TNI;4;10jt s.d. <20jt;2;1jt s.d. <5jt;Tanah;0;Tidak;1;Ya;"Rp100.000.000,00";"Rp11.000.000,00";18;2+;ya
Pembeli 526;L;Ya;2;4;Sarjana;2;PNS;3;5jt s.d. <10jt;1;< 1jt;Tanah;1;Ya;1;Ya;"Rp125.000.000,00";"Rp10.000.000,00";18;2+;ya
Pembeli 527;L;Ya;0;2;SMP;2;PNS;3;5jt s.d. <10jt;1;< 1jt;Tanah;0;Tidak;1;Ya;"Rp128.000.000,00";"Rp40.000.000,00";18;2;ya
Pembeli 528;L;Ya;1;3;SMA;4;Pegawai Swasta;2;1jt s.d. <5jt;1;< 1jt;Tanah;0;Tidak;1;Ya;"Rp104.000.000,00";"Rp11.000.000,00";18;2;tidak
Pembeli 529;L;Tidak;1;4;Sarjana;1;Wiraswasta;4;10jt s.d. <20jt;4;10jt s.d. <20jt;Tanah;0;Tidak;1;Ya;"Rp109.000.000,00";"Rp17.000.000,00";18;2;ya
Pembeli 530;L;Tidak;0;4;Sarjana;3;POLRI-TNI;3;5jt s.d. <10jt;3;5jt s.d. <10jt;Tanah;0;Tidak;1;Ya;"Rp100.000.000,00";"Rp17.000.000,00";18;2;ya
Pembeli 531;L;Ya;0;1;SD;2;PNS;2;1jt s.d. <5jt;3;5jt s.d. <10jt;Tanah;0;Tidak;1;Ya;"Rp142.000.000,00";"Rp48.000.000,00";18;1;tidak
Pembeli 532;L;Ya;3+;3;SMA;4;Pegawai Swasta;3;5jt s.d. <10jt;1;< 1jt;Rumah;0;Tidak;1;Ya;"Rp186.000.000,00";"Rp76.000.000,00";18;2+;ya
Pembeli 533;L;Tidak;2;1;SD;1;Wiraswasta;3;5jt s.d. <10jt;4;10jt s.d. <20jt;Tanah;0;Tidak;1;Ya;"Rp102.000.000,00";"Rp20.000.000,00";18;1;ya
Pembeli 534;L;Tidak;1;4;Sarjana;2;PNS;2;1jt s.d. <5jt;1;< 1jt;Tanah;0;Tidak;1;Ya;"Rp119.000.000,00";"Rp41.000.000,00";18;1;tidak
Pembeli 535;P;Tidak;0;3;SMA;2;PNS;4;10jt s.d. <20jt;3;5jt s.d. <10jt;Rumah;0;Tidak;1;Ya;"Rp211.000.000,00";"Rp60.000.000,00";18;2;ya
Pembeli 536;L;Tidak;0;3;SMA;3;POLRI-TNI;3;5jt s.d. <10jt;1;< 1jt;Tanah;0;Tidak;1;Ya;"Rp145.000.000,00";"Rp47.000.000,00";18;2;ya
Pembeli 537;L;Ya;0;1;SD;2;PNS;4;10jt s.d. <20jt;1;< 1jt;Rumah;0;Tidak;1;Ya;"Rp214.000.000,00";"Rp88.000.000,00";18;2+;ya
Pembeli 538;L;Tidak;2;5;PascaSarjana;1;Wiraswasta;6;> 30jt;3;5jt s.d. <10jt;Tanah;0;Tidak;1;Ya;"Rp139.000.000,00";"Rp46.000.000,00";18;2+;ya
Pembeli 539;L;Ya;0;2;SMP;2;PNS;3;5jt s.d. <10jt;3;5jt s.d. <10jt;Tanah;0;Tidak;1;Ya;"Rp141.000.000,00";"Rp46.000.000,00";18;2+;ya
Pembeli 540;L;Ya;3+;4;Sarjana;2;PNS;2;1jt s.d. <5jt;3;5jt s.d. <10jt;Tanah;1;Ya;1;Ya;"Rp147.000.000,00";"Rp16.000.000,00";12;1;tidak
Pembeli 541;P;Ya;1;4;Sarjana;1;Wiraswasta;3;5jt s.d. <10jt;3;5jt s.d. <10jt;Tanah;0;Tidak;1;Ya;"Rp111.000.000,00";"Rp36.000.000,00";12;1;ya
Pembeli 542;P;Tidak;0;3;SMA;1;Wiraswasta;6;> 30jt;4;10jt s.d. <20jt;Tanah;0;Tidak;1;Ya;"Rp101.000.000,00";"Rp33.000.000,00";18;2+;ya
Pembeli 543;P;Tidak;1;5;PascaSarjana;3;POLRI-TNI;2;1jt s.d. <5jt;1;< 1jt;Tanah;1;Ya;1;Ya;"Rp115.000.000,00";"Rp28.000.000,00";18;0;tidak
Pembeli 544;L;Ya;1;3;SMA;5;Buruh Lepas;1;< 1jt;0;0;Rumah;0;Tidak;1;Ya;"Rp230.000.000,00";"Rp80.000.000,00";18;1;tidak
Pembeli 545;P;Ya;0;2;SMP;1;Wiraswasta;3;5jt s.d. <10jt;2;1jt s.d. <5jt;Tanah;1;Ya;1;Ya;"Rp127.000.000,00";"Rp33.000.000,00";18;2;ya
Pembeli 546;L;Ya;0;1;SD;5;Buruh Lepas;1;< 1jt;0;0;Tanah;1;Ya;1;Ya;"Rp119.000.000,00";"Rp43.000.000,00";18;2+;tidak
Pembeli 547;L;Tidak;0;3;SMA;5;Buruh Lepas;1;< 1jt;0;0;Tanah;0;Tidak;1;Ya;"Rp145.000.000,00";"Rp12.000.000,00";18;2;tidak
Pembeli 548;L;Tidak;0;3;SMA;2;PNS;3;5jt s.d. <10jt;1;< 1jt;Tanah;0;Tidak;1;Ya;"Rp135.000.000,00";"Rp40.000.000,00";18;0;ya
Pembeli 549;P;Tidak;0;2;SMP;5;Buruh Lepas;1;< 1jt;0;0;Tanah;1;Ya;1;Ya;"Rp149.000.000,00";"Rp12.000.000,00";18;2+;tidak
Pembeli 550;L;Ya;0;2;SMP;4;Pegawai Swasta;2;1jt s.d. <5jt;2;1jt s.d. <5jt;Tanah;1;Ya;1;Ya;"Rp121.000.000,00";"Rp38.000.000,00";18;0;tidak
Pembeli 551;L;Ya;2;1;SD;3;POLRI-TNI;2;1jt s.d. <5jt;1;< 1jt;Tanah;1;Ya;1;Ya;"Rp101.000.000,00";"Rp31.000.000,00";18;2;tidak
Pembeli 552;L;Ya;1;5;PascaSarjana;1;Wiraswasta;5;20jt s.d. <30jt;4;10jt s.d. <20jt;Tanah;1;Ya;1;Ya;"Rp134.000.000,00";"Rp28.000.000,00";18;2+;ya
Pembeli 553;L;Ya;1;3;SMA;2;PNS;3;5jt s.d. <10jt;1;< 1jt;Rumah;1;Ya;1;Ya;"Rp223.000.000,00";"Rp60.000.000,00";18;1;ya
Pembeli 554;L;Ya;0;1;SD;5;Buruh Lepas;1;< 1jt;0;0;Rumah;1;Ya;1;Ya;"Rp245.000.000,00";"Rp100.000.000,00";18;0;tidak
Pembeli 555;L;Ya;0;1;SD;1;Wiraswasta;5;20jt s.d. <30jt;3;5jt s.d. <10jt;Tanah;0;Tidak;1;Ya;"Rp101.000.000,00";"Rp45.000.000,00";12;2+;ya
Pembeli 556;L;Ya;1;5;PascaSarjana;5;Buruh Lepas;1;< 1jt;0;0;Tanah;1;Ya;1;Ya;"Rp145.000.000,00";"Rp27.000.000,00";18;2+;tidak
Pembeli 557;P;Tidak;0;1;SD;5;Buruh Lepas;1;< 1jt;0;0;Rumah;0;Tidak;1;Ya;"Rp215.000.000,00";"Rp54.000.000,00";18;1;tidak
Pembeli 558;L;Ya;3+;3;SMA;4;Pegawai Swasta;3;5jt s.d. <10jt;2;1jt s.d. <5jt;Tanah;0;Tidak;1;Ya;"Rp150.000.000,00";"Rp31.000.000,00";18;2;ya
Pembeli 559;L;Ya;0;4;Sarjana;3;POLRI-TNI;4;10jt s.d. <20jt;1;< 1jt;Tanah;1;Ya;1;Ya;"Rp100.000.000,00";"Rp50.000.000,00";18;2;ya
Pembeli 560;P;Ya;0;1;SD;2;PNS;3;5jt s.d. <10jt;2;1jt s.d. <5jt;Tanah;1;Ya;1;Ya;"Rp111.000.000,00";"Rp26.000.000,00";18;2;ya
Pembeli 561;L;Ya;2;3;SMA;4;Pegawai Swasta;3;5jt s.d. <10jt;2;1jt s.d. <5jt;Tanah;0;Tidak;1;Ya;"Rp150.000.000,00";"Rp16.000.000,00";18;2;ya
Pembeli 562;P;Ya;1;4;Sarjana;3;POLRI-TNI;3;5jt s.d. <10jt;1;< 1jt;Tanah;1;Ya;1;Ya;"Rp140.000.000,00";"Rp16.000.000,00";18;1;ya
Pembeli 563;L;Ya;0;3;SMA;1;Wiraswasta;6;> 30jt;2;1jt s.d. <5jt;Tanah;0;Tidak;1;Ya;"Rp120.000.000,00";"Rp17.000.000,00";18;2;ya
Pembeli 564;L;Tidak;0;3;SMA;3;POLRI-TNI;2;1jt s.d. <5jt;2;1jt s.d. <5jt;Tanah;1;Ya;1;Ya;"Rp106.000.000,00";"Rp25.000.000,00";18;2;tidak
Pembeli 565;L;Ya;2;4;Sarjana;1;Wiraswasta;3;5jt s.d. <10jt;3;5jt s.d. <10jt;Rumah;0;Tidak;1;Ya;"Rp236.000.000,00";"Rp90.000.000,00";18;1;ya
Pembeli 566;L;Ya;0;4;Sarjana;2;PNS;4;10jt s.d. <20jt;3;5jt s.d. <10jt;Tanah;1;Ya;1;Ya;"Rp106.000.000,00";"Rp25.000.000,00";18;0;ya
Pembeli 567;L;Tidak;0;4;Sarjana;1;Wiraswasta;6;> 30jt;4;10jt s.d. <20jt;Rumah;0;Tidak;1;Ya;"Rp232.000.000,00";"Rp75.000.000,00";18;0;ya
Pembeli 568;L;Ya;3+;5;PascaSarjana;1;Wiraswasta;4;10jt s.d. <20jt;2;1jt s.d. <5jt;Tanah;0;Tidak;1;Ya;"Rp106.000.000,00";"Rp37.000.000,00";18;2+;ya
Pembeli 569;P;Tidak;0;2;SMP;2;PNS;2;1jt s.d. <5jt;2;1jt s.d. <5jt;Rumah;1;Ya;1;Ya;"Rp213.000.000,00";"Rp84.000.000,00";18;2+;tidak
Pembeli 570;L;Ya;0;3;SMA;4;Pegawai Swasta;3;5jt s.d. <10jt;1;< 1jt;Rumah;0;Tidak;1;Ya;"Rp232.000.000,00";"Rp86.000.000,00";18;1;ya
Pembeli 571;L;Ya;1;3;SMA;1;Wiraswasta;4;10jt s.d. <20jt;2;1jt s.d. <5jt;Rumah;1;Ya;1;Ya;"Rp233.000.000,00";"Rp54.000.000,00";18;1;ya
Pembeli 572;L;Ya;2;5;PascaSarjana;1;Wiraswasta;5;20jt s.d. <30jt;2;1jt s.d. <5jt;Rumah;1;Ya;1;Ya;"Rp225.000.000,00";"Rp69.000.000,00";18;0;ya
Pembeli 573;L;Ya;2;3;SMA;4;Pegawai Swasta;2;1jt s.d. <5jt;2;1jt s.d. <5jt;Rumah;0;Tidak;1;Ya;"Rp237.000.000,00";"Rp65.000.000,00";18;0;tidak
Pembeli 574;L;Ya;2;3;SMA;5;Buruh Lepas;1;< 1jt;0;0;Tanah;1;Ya;1;Ya;"Rp145.000.000,00";"Rp16.000.000,00";24;0;tidak
Pembeli 575;L;Ya;3+;3;SMA;1;Wiraswasta;3;5jt s.d. <10jt;2;1jt s.d. <5jt;Tanah;0;Tidak;1;Ya;"Rp149.000.000,00";"Rp50.000.000,00";18;2;ya
Pembeli 576;L;Ya;2;1;SD;4;Pegawai Swasta;2;1jt s.d. <5jt;2;1jt s.d. <5jt;Rumah;1;Ya;1;Ya;"Rp204.000.000,00";"Rp95.000.000,00";12;0;tidak
Pembeli 577;;Ya;0;5;PascaSarjana;1;Wiraswasta;3;5jt s.d. <10jt;4;10jt s.d. <20jt;Tanah;0;Tidak;1;Ya;"Rp114.000.000,00";"Rp16.000.000,00";18;2+;ya
Pembeli 578;L;Tidak;0;5;PascaSarjana;4;Pegawai Swasta;2;1jt s.d. <5jt;1;< 1jt;Rumah;0;Tidak;1;Ya;"Rp208.000.000,00";"Rp59.000.000,00";18;2;ya
Pembeli 579;L;Ya;1;1;SD;1;Wiraswasta;4;10jt s.d. <20jt;4;10jt s.d. <20jt;Tanah;1;Ya;1;Ya;"Rp130.000.000,00";"Rp27.000.000,00";18;2;ya
Pembeli 580;L;Tidak;0;5;PascaSarjana;2;PNS;3;5jt s.d. <10jt;1;< 1jt;Rumah;0;Tidak;1;Ya;"Rp203.000.000,00";"Rp76.000.000,00";18;2;ya
Pembeli 581;L;Ya;2;4;Sarjana;2;PNS;4;10jt s.d. <20jt;3;5jt s.d. <10jt;Tanah;0;Tidak;1;Ya;"Rp145.000.000,00";"Rp44.000.000,00";18;2;ya
Pembeli 582;L;Tidak;0;3;SMA;5;Buruh Lepas;1;< 1jt;0;0;Rumah;1;Ya;1;Ya;"Rp228.000.000,00";"Rp93.000.000,00";18;2;tidak
Pembeli 583;P;Ya;0;4;Sarjana;3;POLRI-TNI;4;10jt s.d. <20jt;1;< 1jt;Tanah;0;Tidak;1;Ya;"Rp138.000.000,00";"Rp31.000.000,00";18;1;ya
Pembeli 584;L;Ya;1;2;SMP;3;POLRI-TNI;2;1jt s.d. <5jt;1;< 1jt;Tanah;1;Ya;1;Ya;"Rp147.000.000,00";"Rp17.000.000,00";18;1;tidak
Pembeli 585;L;Ya;1;2;SMP;4;Pegawai Swasta;2;1jt s.d. <5jt;1;< 1jt;Tanah;1;Ya;1;Ya;"Rp150.000.000,00";"Rp40.000.000,00";18;2+;tidak
Pembeli 586;L;Ya;1;2;SMP;4;Pegawai Swasta;3;5jt s.d. <10jt;2;1jt s.d. <5jt;Tanah;1;Ya;1;Ya;"Rp142.000.000,00";"Rp47.000.000,00";12;0;tidak
Pembeli 587;L;Ya;0;3;SMA;3;POLRI-TNI;4;10jt s.d. <20jt;3;5jt s.d. <10jt;Rumah;1;Ya;1;Ya;"Rp207.000.000,00";"Rp58.000.000,00";18;2;ya
Pembeli 588;P;Tidak;0;2;SMP;1;Wiraswasta;3;5jt s.d. <10jt;2;1jt s.d. <5jt;Tanah;0;Tidak;1;Ya;"Rp118.000.000,00";"Rp27.000.000,00";18;2+;ya
Pembeli 589;P;Tidak;0;5;PascaSarjana;2;PNS;3;5jt s.d. <10jt;1;< 1jt;Tanah;0;Tidak;1;Ya;"Rp102.000.000,00";"Rp43.000.000,00";18;2;ya
Pembeli 590;L;Ya;2;2;SMP;5;Buruh Lepas;1;< 1jt;0;0;Tanah;1;Ya;1;Ya;"Rp134.000.000,00";"Rp14.000.000,00";18;2;tidak
Pembeli 591;L;Ya;0;1;SD;1;Wiraswasta;3;5jt s.d. <10jt;3;5jt s.d. <10jt;Tanah;0;Tidak;1;Ya;"Rp116.000.000,00";"Rp13.000.000,00";12;2;ya
Pembeli 592;L;Ya;2;4;Sarjana;1;Wiraswasta;3;5jt s.d. <10jt;2;1jt s.d. <5jt;Tanah;0;Tidak;1;Ya;"Rp144.000.000,00";"Rp14.000.000,00";12;2;ya
Pembeli 593;P;Tidak;0;1;SD;1;Wiraswasta;3;5jt s.d. <10jt;2;1jt s.d. <5jt;Tanah;1;Ya;1;Ya;"Rp127.000.000,00";"Rp36.000.000,00";18;2+;ya
Pembeli 594;L;Ya;0;1;SD;1;Wiraswasta;6;> 30jt;2;1jt s.d. <5jt;Tanah;0;Tidak;1;Ya;"Rp129.000.000,00";"Rp48.000.000,00";12;1;ya
Pembeli 595;L;Ya;0;4;Sarjana;1;Wiraswasta;4;10jt s.d. <20jt;3;5jt s.d. <10jt;Rumah;0;Tidak;1;Ya;"Rp181.000.000,00";"Rp73.000.000,00";18;1;ya
Pembeli 596;L;Tidak;0;1;SD;3;POLRI-TNI;2;1jt s.d. <5jt;1;< 1jt;Tanah;1;Ya;1;Ya;"Rp143.000.000,00";"Rp17.000.000,00";18;2+;tidak
Pembeli 597;L;Ya;2;5;PascaSarjana;5;Buruh Lepas;1;< 1jt;0;0;Tanah;1;Ya;1;Ya;"Rp122.000.000,00";"Rp35.000.000,00";18;2+;tidak
Pembeli 598;L;Tidak;0;2;SMP;4;Pegawai Swasta;3;5jt s.d. <10jt;1;< 1jt;Tanah;1;Ya;1;Ya;"Rp112.000.000,00";"Rp40.000.000,00";18;1;ya
Pembeli 599;L;Ya;0;3;SMA;3;POLRI-TNI;4;10jt s.d. <20jt;3;5jt s.d. <10jt;Tanah;0;Tidak;1;Ya;"Rp127.000.000,00";"Rp21.000.000,00";18;2+;ya
Pembeli 600;L;Ya;2;1;SD;2;PNS;3;5jt s.d. <10jt;1;< 1jt;Rumah;1;Ya;1;Ya;"Rp224.000.000,00";"Rp72.000.000,00";18;1;ya
